date_time;dataset;approach;validation;balancing;model;num_training_set_releases;test_set_release;trimester;fit_time;precision;recall;accuracy;inspection_rate;f1_score;mcc;%vulnerability
08/06/23 12:37;phpmyadmin;metrics;real_labelling;none;random_forest;3;RELEASE_2_2_4;1;0.11488008499145508;0.0;0.0;0.9367088607594937;0.0;0.0;0.0;0.0
08/06/23 12:38;phpmyadmin;metrics;real_labelling;none;random_forest;3;RELEASE_2_2_5;1;0.11148428916931152;0.0;0.0;0.9390243902439024;0.0;0.0;0.0;0.0
08/06/23 12:38;phpmyadmin;metrics;real_labelling;none;random_forest;3;RELEASE_2_2_6;1;0.1292870044708252;0.0;0.0;0.9418604651162791;0.0;0.0;0.0;0.0
08/06/23 12:38;phpmyadmin;metrics;real_labelling;none;random_forest;3;RELEASE_2_3_0;1;0.12222003936767578;0.0;0.0;0.9333333333333333;0.0;0.0;0.0;0.0
08/06/23 12:38;phpmyadmin;metrics;real_labelling;none;random_forest;3;RELEASE_2_3_1;1;0.11577177047729492;0.0;0.0;0.9294117647058824;0.0;0.0;0.0;0.0
08/06/23 12:38;phpmyadmin;metrics;real_labelling;none;random_forest;3;RELEASE_2_3_2;1;0.11680912971496582;0.0;0.0;0.9298245614035088;0.0;0.0;0.0;0.0
08/06/23 12:38;phpmyadmin;metrics;real_labelling;none;random_forest;3;RELEASE_2_3_3;1;0.11606407165527344;0.0;0.0;0.930635838150289;0.0;0.0;0.0;0.0
08/06/23 12:38;phpmyadmin;metrics;real_labelling;none;random_forest;3;RELEASE_2_4_0;1;0.15683817863464355;0.0;0.0;0.9289617486338798;0.0;0.0;0.0;0.0
08/06/23 12:39;phpmyadmin;metrics;real_labelling;none;random_forest;3;RELEASE_2_5_0;1;0.11191701889038086;0.0;0.0;0.9261083743842364;0.0;0.0;0.0;0.0
08/06/23 12:39;phpmyadmin;metrics;real_labelling;none;random_forest;3;RELEASE_2_5_1;1;0.20046091079711914;0.0;0.0;0.9253731343283582;0.0;0.0;0.0;0.0
08/06/23 12:39;phpmyadmin;metrics;real_labelling;none;random_forest;3;RELEASE_2_5_2;1;0.22211909294128418;0.0;0.0;0.927536231884058;0.0;0.0;0.0;0.0
08/06/23 12:39;phpmyadmin;metrics;real_labelling;none;random_forest;3;RELEASE_2_5_3;1;0.23772192001342773;0.0;0.0;0.9295774647887324;0.0;0.0;0.0;0.0
08/06/23 12:39;phpmyadmin;metrics;real_labelling;none;random_forest;3;RELEASE_2_5_4;1;0.1667957305908203;0.0;0.0;0.9262672811059908;0.0;0.0;0.0;0.0
08/06/23 12:40;phpmyadmin;metrics;real_labelling;none;random_forest;3;RELEASE_2_5_5;1;0.13353204727172852;0.0;0.0;0.9144144144144144;0.0;0.0;0.0;0.0
08/06/23 12:40;phpmyadmin;metrics;real_labelling;none;random_forest;3;RELEASE_2_5_6;1;0.11734390258789062;0.0;0.0;0.905;0.0;0.0;0.0;0.0
08/06/23 12:40;phpmyadmin;metrics;real_labelling;none;random_forest;3;RELEASE_2_5_7;1;0.13424992561340332;0.0;0.0;0.9166666666666666;0.0;0.0;0.0;0.0
08/06/23 12:40;phpmyadmin;metrics;real_labelling;none;random_forest;3;RELEASE_2_6_0;1;0.11517715454101562;0.0;0.0;0.9259259259259259;0.0;0.0;0.0;0.0
08/06/23 12:40;phpmyadmin;metrics;real_labelling;none;random_forest;3;RELEASE_2_6_1;1;0.12520623207092285;0.0;0.0;0.936;0.0;0.0;0.0;0.0
08/06/23 12:40;phpmyadmin;metrics;real_labelling;none;random_forest;3;RELEASE_2_6_2;1;0.12717223167419434;0.0;0.0;0.9402985074626866;0.0;0.0;0.0;0.7
08/06/23 12:40;phpmyadmin;metrics;real_labelling;none;random_forest;3;RELEASE_2_6_3;1;0.12998509407043457;0.0;0.0;0.9413919413919414;0.0;0.0;0.0;0.7
08/06/23 12:40;phpmyadmin;metrics;real_labelling;none;random_forest;3;RELEASE_2_7_0;1;0.11733078956604004;0.0;0.0;0.9251700680272109;0.0;0.0;0.0;0.0
08/06/23 12:40;phpmyadmin;metrics;real_labelling;none;random_forest;3;RELEASE_2_8_0;1;0.13268399238586426;0.0;0.0;0.9302325581395349;0.0;0.0;0.0;0.5
08/06/23 12:41;phpmyadmin;metrics;real_labelling;none;random_forest;3;RELEASE_2_8_1;1;0.13222002983093262;0.0;0.0;0.9180327868852459;0.0;0.0;0.0;0.5
08/06/23 12:41;phpmyadmin;metrics;real_labelling;none;random_forest;3;RELEASE_2_8_2;1;0.12609314918518066;0.0;0.0;0.9177631578947368;0.0;0.0;0.0;0.1
08/06/23 12:41;phpmyadmin;metrics;real_labelling;none;random_forest;3;RELEASE_2_9_0;1;0.13058114051818848;0.0;0.0;0.9172185430463576;0.0;0.0;0.0;0.0
08/06/23 12:41;phpmyadmin;metrics;real_labelling;none;random_forest;3;RELEASE_2_9_2;1;0.12237715721130371;0.0;0.0;0.9306930693069307;0.0;0.0;0.0;0.0
08/06/23 12:41;phpmyadmin;metrics;real_labelling;none;random_forest;3;RELEASE_2_10_0;1;0.13643789291381836;1.0;0.043478260869565216;0.930379746835443;0.0031645569620253164;0.08333333333333333;0.2011011783156548;0.7
08/06/23 12:41;phpmyadmin;metrics;real_labelling;none;random_forest;3;RELEASE_2_10_2;1;0.12619233131408691;0.0;0.0;0.930379746835443;0.0;0.0;0.0;0.5
08/06/23 12:41;phpmyadmin;metrics;real_labelling;none;random_forest;3;RELEASE_2_10_3;1;0.1311321258544922;0.0;0.0;0.930379746835443;0.0;0.0;0.0;0.2
08/06/23 12:41;phpmyadmin;metrics;real_labelling;none;random_forest;3;RELEASE_2_11_0;1;0.12618613243103027;0.0;0.0;0.9246987951807228;0.0;0.0;0.0;0.1
08/06/23 12:41;phpmyadmin;metrics;real_labelling;none;random_forest;3;RELEASE_2_11_1;1;0.11294412612915039;0.0;0.0;0.9244712990936556;0.0;0.0;0.0;0.0
08/06/23 12:41;phpmyadmin;metrics;real_labelling;none;random_forest;3;RELEASE_2_11_2;1;0.12012600898742676;0.0;0.0;0.9244712990936556;0.0;0.0;0.0;0.0
08/06/23 12:41;phpmyadmin;metrics;real_labelling;none;random_forest;3;RELEASE_2_11_3;1;0.1138467788696289;0.0;0.0;0.9274924471299094;0.0;0.0;0.0;0.0
08/06/23 12:42;phpmyadmin;metrics;real_labelling;none;random_forest;3;RELEASE_2_11_4;1;0.1169278621673584;0.0;0.0;0.9274924471299094;0.0;0.0;0.0;0.2
08/06/23 12:42;phpmyadmin;metrics;real_labelling;none;random_forest;3;RELEASE_2_11_5;1;0.12116193771362305;0.0;0.0;0.9274924471299094;0.0;0.0;0.0;0.1
08/06/23 12:42;phpmyadmin;metrics;real_labelling;none;random_forest;3;RELEASE_2_11_6;1;0.11288285255432129;0.0;0.0;0.9274924471299094;0.0;0.0;0.0;0.0
08/06/23 12:42;phpmyadmin;metrics;real_labelling;none;random_forest;3;RELEASE_2_11_7;1;0.11839509010314941;0.0;0.0;0.9274924471299094;0.0;0.0;0.0;0.2
08/06/23 12:42;phpmyadmin;metrics;real_labelling;none;random_forest;3;RELEASE_2_11_8;1;0.11696195602416992;0.0;0.0;0.9274924471299094;0.0;0.0;0.0;0.1
08/06/23 12:42;phpmyadmin;metrics;real_labelling;none;random_forest;3;RELEASE_2_11_9;1;0.11157107353210449;0.0;0.0;0.9274924471299094;0.0;0.0;0.0;0.0
08/06/23 12:42;phpmyadmin;metrics;real_labelling;none;random_forest;3;RELEASE_3_0_0;1;0.1159520149230957;0.0;0.0;0.8945454545454545;0.0036363636363636364;0.0;-0.02034020181328726;0.1
08/06/23 12:42;phpmyadmin;metrics;real_labelling;none;random_forest;3;RELEASE_3_0_1;1;0.11801338195800781;0.0;0.0;0.8981818181818182;0.0;0.0;0.0;0.2
08/06/23 12:42;phpmyadmin;metrics;real_labelling;none;random_forest;3;RELEASE_3_1_0;1;0.11695718765258789;0.0;0.0;0.8996655518394648;0.0;0.0;0.0;0.1
08/06/23 12:42;phpmyadmin;metrics;real_labelling;none;random_forest;3;RELEASE_3_1_1;1;0.12453913688659668;0.0;0.0;0.903010033444816;0.0;0.0;0.0;0.2
08/06/23 12:42;phpmyadmin;metrics;real_labelling;none;random_forest;3;RELEASE_3_1_2;1;0.11767458915710449;0.0;0.0;0.903010033444816;0.0;0.0;0.0;0.1
08/06/23 12:42;phpmyadmin;metrics;real_labelling;none;random_forest;3;RELEASE_3_1_3;1;0.11482596397399902;0.0;0.0;0.903010033444816;0.0;0.0;0.0;0.1
08/06/23 12:42;phpmyadmin;metrics;real_labelling;none;random_forest;3;RELEASE_3_1_4;1;0.1109309196472168;0.0;0.0;0.9096989966555183;0.0;0.0;0.0;0.0
08/06/23 12:42;phpmyadmin;metrics;real_labelling;none;random_forest;3;RELEASE_3_1_5;1;0.12370586395263672;0.0;0.0;0.9096989966555183;0.0;0.0;0.0;0.4
08/06/23 12:42;phpmyadmin;metrics;real_labelling;none;random_forest;3;RELEASE_3_2_0;1;0.11876606941223145;0.0;0.0;0.91;0.0;0.0;0.0;0.2
08/06/23 12:43;phpmyadmin;metrics;real_labelling;none;random_forest;3;RELEASE_3_2_2;1;0.11113715171813965;0.0;0.0;0.9105960264900662;0.0;0.0;0.0;0.0
08/06/23 12:43;phpmyadmin;metrics;real_labelling;none;random_forest;3;RELEASE_3_2_3;1;0.12098193168640137;0.0;0.0;0.9172185430463576;0.0;0.0;0.0;0.4
08/06/23 12:43;phpmyadmin;metrics;real_labelling;none;random_forest;3;RELEASE_3_2_4;1;0.125640869140625;0.0;0.0;0.9172185430463576;0.0;0.0;0.0;0.7
08/06/23 12:43;phpmyadmin;metrics;real_labelling;none;random_forest;3;RELEASE_3_2_5;1;0.11983084678649902;0.0;0.0;0.9172185430463576;0.0;0.0;0.0;0.2
08/06/23 12:43;phpmyadmin;metrics;real_labelling;none;random_forest;3;RELEASE_3_3_0;1;0.11204075813293457;0.0;0.0;0.9158878504672897;0.0;0.0;0.0;0.0
08/06/23 12:43;phpmyadmin;metrics;real_labelling;none;random_forest;3;RELEASE_3_3_1;1;0.1119990348815918;0.0;0.0;0.9158878504672897;0.0;0.0;0.0;0.0
08/06/23 12:43;phpmyadmin;metrics;real_labelling;none;random_forest;3;RELEASE_3_3_2;1;0.11158227920532227;0.0;0.0;0.9161490683229814;0.0;0.0;0.0;0.0
08/06/23 12:43;phpmyadmin;metrics;real_labelling;none;random_forest;3;RELEASE_3_3_3;1;0.11111593246459961;0.0;0.0;0.9161490683229814;0.0;0.0;0.0;0.0
08/06/23 12:43;phpmyadmin;metrics;real_labelling;none;random_forest;3;RELEASE_3_3_4;1;0.11098670959472656;0.0;0.0;0.9161490683229814;0.0;0.0;0.0;0.0
08/06/23 12:43;phpmyadmin;metrics;real_labelling;none;random_forest;3;RELEASE_3_3_5;1;0.11024284362792969;0.0;0.0;0.9161490683229814;0.0;0.0;0.0;0.0
08/06/23 12:43;phpmyadmin;metrics;real_labelling;none;random_forest;3;RELEASE_3_3_6;1;0.11218595504760742;0.0;0.0;0.937888198757764;0.0;0.0;0.0;0.0
08/06/23 12:43;phpmyadmin;metrics;real_labelling;none;random_forest;3;RELEASE_3_3_7;1;0.13704609870910645;0.0;0.0;0.9409937888198758;0.0;0.0;0.0;1.7
08/06/23 12:43;phpmyadmin;metrics;real_labelling;none;random_forest;3;RELEASE_3_3_8;1;0.1329178810119629;0.0;0.0;0.9409937888198758;0.0;0.0;0.0;0.8
08/06/23 12:43;phpmyadmin;metrics;real_labelling;none;random_forest;3;RELEASE_3_3_9;1;0.1175990104675293;0.0;0.0;0.9472049689440993;0.0;0.0;0.0;0.1
08/06/23 12:43;phpmyadmin;metrics;real_labelling;none;random_forest;3;RELEASE_3_4_0;1;0.1215810775756836;0.0;0.0;0.9405940594059405;0.0;0.0;0.0;0.4
08/06/23 12:43;phpmyadmin;metrics;real_labelling;none;random_forest;3;RELEASE_3_4_1;1;0.13146090507507324;0.0;0.0;0.9405940594059405;0.0;0.0;0.0;0.8
08/06/23 12:43;phpmyadmin;metrics;real_labelling;none;random_forest;3;RELEASE_3_4_2;1;0.12423300743103027;0.0;0.0;0.9405940594059405;0.0;0.0;0.0;0.3
08/06/23 12:43;phpmyadmin;metrics;real_labelling;none;random_forest;3;RELEASE_3_4_3;1;0.11231493949890137;0.0;0.0;0.9405940594059405;0.0;0.0;0.0;0.0
08/06/23 12:43;phpmyadmin;metrics;real_labelling;none;random_forest;3;RELEASE_3_4_4;1;0.11130595207214355;0.0;0.0;0.9603960396039604;0.0;0.0;0.0;0.0
08/06/23 12:43;phpmyadmin;metrics;real_labelling;none;random_forest;3;RELEASE_3_4_5;1;0.13198614120483398;0.0;0.0;0.9565217391304348;0.0033444816053511705;0.0;-0.011845176671066446;1.1
08/06/23 12:43;phpmyadmin;metrics;real_labelling;none;random_forest;3;RELEASE_3_4_6;1;0.12941312789916992;0.0;0.0;0.959866220735786;0.0;0.0;0.0;0.8
08/06/23 12:43;phpmyadmin;metrics;real_labelling;none;random_forest;3;RELEASE_3_4_7;1;0.1117560863494873;0.0;0.0;0.959866220735786;0.0;0.0;0.0;0.0
08/06/23 12:43;phpmyadmin;metrics;real_labelling;none;random_forest;3;RELEASE_3_4_8;1;0.11095499992370605;0.0;0.0;0.9665551839464883;0.0;0.0;0.0;0.0
08/06/23 12:43;phpmyadmin;metrics;real_labelling;none;random_forest;3;RELEASE_3_4_9;1;0.11273717880249023;0.0;0.0;0.9698996655518395;0.0;0.0;0.0;0.0
08/06/23 12:43;phpmyadmin;metrics;real_labelling;none;random_forest;3;RELEASE_3_5_0;1;0.11211800575256348;0.0;0.0;0.9604863221884499;0.0;0.0;0.0;0.0
08/06/23 12:43;phpmyadmin;metrics;real_labelling;none;random_forest;3;RELEASE_3_5_1;1;0.12195372581481934;0.0;0.0;0.9601226993865031;0.0;0.0;0.0;0.3
08/06/23 12:43;phpmyadmin;metrics;real_labelling;none;random_forest;3;RELEASE_3_5_2;1;0.11599588394165039;0.0;0.0;0.9601226993865031;0.0;0.0;0.0;0.1
08/06/23 12:44;phpmyadmin;metrics;real_labelling;none;random_forest;3;RELEASE_3_5_3;1;0.11239314079284668;0.0;0.0;0.9723926380368099;0.0;0.0;0.0;0.0
08/06/23 12:44;phpmyadmin;metrics;real_labelling;none;random_forest;3;RELEASE_3_5_4;1;0.12940120697021484;0.0;0.0;0.9723926380368099;0.0;0.0;0.0;0.6
08/06/23 12:44;phpmyadmin;metrics;real_labelling;none;random_forest;3;RELEASE_3_5_5;1;0.12913990020751953;0.0;0.0;0.9724770642201835;0.0;0.0;0.0;0.4
08/06/23 12:44;phpmyadmin;metrics;real_labelling;none;random_forest;3;RELEASE_3_5_6;1;0.1130821704864502;0.0;0.0;0.9724770642201835;0.0;0.0;0.0;0.0
08/06/23 12:44;phpmyadmin;metrics;real_labelling;none;random_forest;3;RELEASE_3_5_7;1;0.11336231231689453;0.0;0.0;0.9724770642201835;0.0;0.0;0.0;0.0
08/06/23 12:44;phpmyadmin;metrics;real_labelling;none;random_forest;3;RELEASE_3_5_8;1;0.11283683776855469;0.0;0.0;0.9755351681957186;0.0;0.0;0.0;0.0
08/06/23 12:44;phpmyadmin;metrics;real_labelling;none;random_forest;3;RELEASE_4_0_0;1;0.11345219612121582;0.0;0.0;0.9800498753117207;0.0;0.0;0.0;0.0
08/06/23 12:44;phpmyadmin;metrics;real_labelling;none;random_forest;3;RELEASE_4_0_1;1;0.1275501251220703;0.0;0.0;0.9800995024875622;0.0;0.0;0.0;0.3
08/06/23 12:44;phpmyadmin;metrics;real_labelling;none;random_forest;3;RELEASE_4_0_2;1;0.12100410461425781;0.0;0.0;0.9800995024875622;0.0;0.0;0.0;0.1
08/06/23 12:44;phpmyadmin;metrics;real_labelling;none;random_forest;3;RELEASE_4_0_3;1;0.11678695678710938;0.0;0.0;0.9825870646766169;0.0;0.0;0.0;0.0
08/06/23 12:44;phpmyadmin;metrics;real_labelling;none;random_forest;3;RELEASE_4_0_4;1;0.11420011520385742;0.0;0.0;0.9825436408977556;0.0;0.0;0.0;0.0
08/06/23 12:44;phpmyadmin;metrics;real_labelling;none;random_forest;3;RELEASE_4_0_5;1;0.11629486083984375;0.0;0.0;1.0;0;0.0;0.0;0.0
08/06/23 12:44;phpmyadmin;metrics;real_labelling;none;random_forest;3;RELEASE_4_0_6;1;0.14414072036743164;0.0;0.0;1.0;0;0.0;0.0;1.2
08/06/23 12:44;phpmyadmin;metrics;real_labelling;none;random_forest;3;RELEASE_4_0_7;1;0.13754606246948242;0.0;0.0;1.0;0;0.0;0.0;0.6
08/06/23 12:44;phpmyadmin;metrics;real_labelling;none;random_forest;3;RELEASE_4_0_8;1;0.1148989200592041;0.0;0.0;1.0;0;0.0;0.0;0.0
08/06/23 12:45;phpmyadmin;metrics;real_labelling;undersampling;random_forest;3;RELEASE_2_2_4;1;0.11043572425842285;0.0;0.0;0.9367088607594937;0.0;0.0;0.0;0.0
08/06/23 12:46;phpmyadmin;metrics;real_labelling;undersampling;random_forest;3;RELEASE_2_2_5;1;0.11553311347961426;0.0;0.0;0.9390243902439024;0.0;0.0;0.0;0.0
08/06/23 12:46;phpmyadmin;metrics;real_labelling;undersampling;random_forest;3;RELEASE_2_2_6;1;0.11877918243408203;0.0;0.0;0.9418604651162791;0.0;0.0;0.0;0.0
08/06/23 12:46;phpmyadmin;metrics;real_labelling;undersampling;random_forest;3;RELEASE_2_3_0;1;0.12909793853759766;0.0;0.0;0.9333333333333333;0.0;0.0;0.0;0.0
08/06/23 12:46;phpmyadmin;metrics;real_labelling;undersampling;random_forest;3;RELEASE_2_3_1;1;0.11330699920654297;0.0;0.0;0.9294117647058824;0.0;0.0;0.0;0.0
08/06/23 12:46;phpmyadmin;metrics;real_labelling;undersampling;random_forest;3;RELEASE_2_3_2;1;0.12767696380615234;0.0;0.0;0.9298245614035088;0.0;0.0;0.0;0.0
08/06/23 12:46;phpmyadmin;metrics;real_labelling;undersampling;random_forest;3;RELEASE_2_3_3;1;0.1117861270904541;0.0;0.0;0.930635838150289;0.0;0.0;0.0;0.0
08/06/23 12:46;phpmyadmin;metrics;real_labelling;undersampling;random_forest;3;RELEASE_2_4_0;1;0.11757993698120117;0.0;0.0;0.9289617486338798;0.0;0.0;0.0;0.0
08/06/23 12:47;phpmyadmin;metrics;real_labelling;undersampling;random_forest;3;RELEASE_2_5_0;1;0.12912487983703613;0.0;0.0;0.9261083743842364;0.0;0.0;0.0;0.0
08/06/23 12:47;phpmyadmin;metrics;real_labelling;undersampling;random_forest;3;RELEASE_2_5_1;1;0.12257218360900879;0.0;0.0;0.9253731343283582;0.0;0.0;0.0;0.0
08/06/23 12:47;phpmyadmin;metrics;real_labelling;undersampling;random_forest;3;RELEASE_2_5_2;1;0.12496614456176758;0.0;0.0;0.927536231884058;0.0;0.0;0.0;0.0
08/06/23 12:47;phpmyadmin;metrics;real_labelling;undersampling;random_forest;3;RELEASE_2_5_3;1;0.11742591857910156;0.0;0.0;0.9295774647887324;0.0;0.0;0.0;0.0
08/06/23 12:47;phpmyadmin;metrics;real_labelling;undersampling;random_forest;3;RELEASE_2_5_4;1;0.12035512924194336;0.0;0.0;0.9262672811059908;0.0;0.0;0.0;0.0
08/06/23 12:47;phpmyadmin;metrics;real_labelling;undersampling;random_forest;3;RELEASE_2_5_5;1;0.1210780143737793;0.0;0.0;0.9144144144144144;0.0;0.0;0.0;0.0
08/06/23 12:47;phpmyadmin;metrics;real_labelling;undersampling;random_forest;3;RELEASE_2_5_6;1;0.11334013938903809;0.0;0.0;0.905;0.0;0.0;0.0;0.0
08/06/23 12:47;phpmyadmin;metrics;real_labelling;undersampling;random_forest;3;RELEASE_2_5_7;1;0.11975598335266113;0.0;0.0;0.9166666666666666;0.0;0.0;0.0;0.0
08/06/23 12:47;phpmyadmin;metrics;real_labelling;undersampling;random_forest;3;RELEASE_2_6_0;1;0.16962122917175293;0.0;0.0;0.9259259259259259;0.0;0.0;0.0;0.0
08/06/23 12:48;phpmyadmin;metrics;real_labelling;undersampling;random_forest;3;RELEASE_2_6_1;1;0.12613606452941895;0.0;0.0;0.936;0.0;0.0;0.0;0.0
08/06/23 12:48;phpmyadmin;metrics;real_labelling;undersampling;random_forest;3;RELEASE_2_6_2;1;0.1097409725189209;0.2;0.5;0.8507462686567164;0.14925373134328357;0.28571428571428575;0.24802197152067723;0.7
08/06/23 12:48;phpmyadmin;metrics;real_labelling;undersampling;random_forest;3;RELEASE_2_6_3;1;0.10926961898803711;0.25;0.5;0.8827838827838828;0.11721611721611722;0.3333333333333333;0.29691094665076156;0.7
08/06/23 12:48;phpmyadmin;metrics;real_labelling;undersampling;random_forest;3;RELEASE_2_7_0;1;0.11418890953063965;0.0;0.0;0.9251700680272109;0.0;0.0;0.0;0.0
08/06/23 12:48;phpmyadmin;metrics;real_labelling;undersampling;random_forest;3;RELEASE_2_8_0;1;0.11699414253234863;0.34782608695652173;0.38095238095238093;0.9069767441860465;0.07641196013289037;0.3636363636363636;0.31394657887022537;0.5
08/06/23 12:48;phpmyadmin;metrics;real_labelling;undersampling;random_forest;3;RELEASE_2_8_1;1;0.12260031700134277;0.10975609756097561;0.72;0.49836065573770494;0.5377049180327869;0.1904761904761905;0.10925323363058514;0.5
08/06/23 12:48;phpmyadmin;metrics;real_labelling;undersampling;random_forest;3;RELEASE_2_8_2;1;0.11539411544799805;0.047058823529411764;0.48;0.15789473684210525;0.8388157894736842;0.0857142857142857;-0.2921089756274223;0.1
08/06/23 12:48;phpmyadmin;metrics;real_labelling;undersampling;random_forest;3;RELEASE_2_9_0;1;0.11383605003356934;0.0;0.0;0.9172185430463576;0.0;0.0;0.0;0.0
08/06/23 12:48;phpmyadmin;metrics;real_labelling;undersampling;random_forest;3;RELEASE_2_9_2;1;0.158721923828125;0.0;0.0;0.9306930693069307;0.0;0.0;0.0;0.0
08/06/23 12:48;phpmyadmin;metrics;real_labelling;undersampling;random_forest;3;RELEASE_2_10_0;1;0.13864898681640625;0.23529411764705882;0.5217391304347826;0.8417721518987342;0.16139240506329114;0.32432432432432434;0.2744288370613481;0.7
08/06/23 12:48;phpmyadmin;metrics;real_labelling;undersampling;random_forest;3;RELEASE_2_10_2;1;0.11832785606384277;0.20408163265306123;0.45454545454545453;0.8386075949367089;0.1550632911392405;0.2816901408450704;0.2263299611417406;0.5
08/06/23 12:49;phpmyadmin;metrics;real_labelling;undersampling;random_forest;3;RELEASE_2_10_3;1;0.1273651123046875;0.12;0.13636363636363635;0.870253164556962;0.07911392405063292;0.1276595744680851;0.058020513433144176;0.2
08/06/23 12:49;phpmyadmin;metrics;real_labelling;undersampling;random_forest;3;RELEASE_2_11_0;1;0.11814093589782715;0.10714285714285714;0.24;0.7921686746987951;0.1686746987951807;0.1481481481481481;0.05435430663879769;0.1
08/06/23 12:49;phpmyadmin;metrics;real_labelling;undersampling;random_forest;3;RELEASE_2_11_1;1;0.12981295585632324;0.0;0.0;0.9244712990936556;0.0;0.0;0.0;0.0
08/06/23 12:49;phpmyadmin;metrics;real_labelling;undersampling;random_forest;3;RELEASE_2_11_2;1;0.1344311237335205;0.0;0.0;0.9244712990936556;0.0;0.0;0.0;0.0
08/06/23 12:49;phpmyadmin;metrics;real_labelling;undersampling;random_forest;3;RELEASE_2_11_3;1;0.11384820938110352;0.0;0.0;0.9274924471299094;0.0;0.0;0.0;0.0
08/06/23 12:49;phpmyadmin;metrics;real_labelling;undersampling;random_forest;3;RELEASE_2_11_4;1;0.11942505836486816;0.16923076923076924;0.4583333333333333;0.797583081570997;0.19637462235649547;0.24719101123595508;0.18437404124796594;0.2
08/06/23 12:49;phpmyadmin;metrics;real_labelling;undersampling;random_forest;3;RELEASE_2_11_5;1;0.10703206062316895;0.2777777777777778;0.4166666666666667;0.879154078549849;0.10876132930513595;0.33333333333333337;0.27651543961077113;0.1
08/06/23 12:49;phpmyadmin;metrics;real_labelling;undersampling;random_forest;3;RELEASE_2_11_6;1;0.12585067749023438;0.0;0.0;0.9274924471299094;0.0;0.0;0.0;0.0
08/06/23 12:49;phpmyadmin;metrics;real_labelling;undersampling;random_forest;3;RELEASE_2_11_7;1;0.11705493927001953;0.2857142857142857;0.4166666666666667;0.8821752265861027;0.10574018126888217;0.3389830508474576;0.282710713693475;0.2
08/06/23 12:49;phpmyadmin;metrics;real_labelling;undersampling;random_forest;3;RELEASE_2_11_8;1;0.11670231819152832;0.25;0.4166666666666667;0.8670694864048338;0.12084592145015106;0.3125;0.2537561423859339;0.1
08/06/23 12:49;phpmyadmin;metrics;real_labelling;undersampling;random_forest;3;RELEASE_2_11_9;1;0.1963791847229004;0.0;0.0;0.9274924471299094;0.0;0.0;0.0;0.0
08/06/23 12:49;phpmyadmin;metrics;real_labelling;undersampling;random_forest;3;RELEASE_3_0_0;1;0.14789104461669922;0.35714285714285715;0.17857142857142858;0.8836363636363637;0.05090909090909091;0.2380952380952381;0.19554276596829667;0.1
08/06/23 12:49;phpmyadmin;metrics;real_labelling;undersampling;random_forest;3;RELEASE_3_0_1;1;0.11039614677429199;0.2692307692307692;0.25;0.8545454545454545;0.09454545454545454;0.2592592592592593;0.1788876300974898;0.2
08/06/23 12:50;phpmyadmin;metrics;real_labelling;undersampling;random_forest;3;RELEASE_3_1_0;1;0.12566137313842773;0.35714285714285715;0.16666666666666666;0.8862876254180602;0.046822742474916385;0.22727272727272724;0.1894459167344409;0.1
08/06/23 12:50;phpmyadmin;metrics;real_labelling;undersampling;random_forest;3;RELEASE_3_1_1;1;0.10985875129699707;0.10824742268041238;0.7241379310344828;0.39464882943143814;0.6488294314381271;0.1883408071748879;0.05170550518714147;0.2
08/06/23 12:50;phpmyadmin;metrics;real_labelling;undersampling;random_forest;3;RELEASE_3_1_2;1;0.12157392501831055;0.07224334600760456;0.6551724137931034;0.1505016722408027;0.8795986622073578;0.13013698630136986;-0.2260126931145315;0.1
08/06/23 12:50;phpmyadmin;metrics;real_labelling;undersampling;random_forest;3;RELEASE_3_1_3;1;0.11391901969909668;0.14285714285714285;0.7586206896551724;0.5351170568561873;0.5150501672240803;0.24043715846994537;0.15972344594885426;0.1
08/06/23 12:50;phpmyadmin;metrics;real_labelling;undersampling;random_forest;3;RELEASE_3_1_4;1;0.11566424369812012;0.0;0.0;0.9096989966555183;0.0;0.0;0.0;0.0
08/06/23 12:50;phpmyadmin;metrics;real_labelling;undersampling;random_forest;3;RELEASE_3_1_5;1;0.11242508888244629;0.1390728476821192;0.7777777777777778;0.5451505016722408;0.5050167224080268;0.2359550561797753;0.1718824950141435;0.4
08/06/23 12:50;phpmyadmin;metrics;real_labelling;undersampling;random_forest;3;RELEASE_3_2_0;1;0.11018490791320801;0.10309278350515463;0.7407407407407407;0.39666666666666667;0.6466666666666666;0.18099547511312217;0.061892491848952486;0.2
08/06/23 12:50;phpmyadmin;metrics;real_labelling;undersampling;random_forest;3;RELEASE_3_2_2;1;0.1176140308380127;0.0;0.0;0.9105960264900662;0.0;0.0;0.0;0.0
08/06/23 12:50;phpmyadmin;metrics;real_labelling;undersampling;random_forest;3;RELEASE_3_2_3;1;0.12476968765258789;0.3;0.24;0.890728476821192;0.06622516556291391;0.2666666666666666;0.2099347799287788;0.4
08/06/23 12:50;phpmyadmin;metrics;real_labelling;undersampling;random_forest;3;RELEASE_3_2_4;1;0.11631488800048828;0.23529411764705882;0.32;0.8576158940397351;0.11258278145695365;0.2711864406779661;0.19714011852145405;0.7
08/06/23 12:50;phpmyadmin;metrics;real_labelling;undersampling;random_forest;3;RELEASE_3_2_5;1;0.11565899848937988;0.2127659574468085;0.4;0.8278145695364238;0.15562913907284767;0.27777777777777785;0.2025197872311911;0.2
08/06/23 12:50;phpmyadmin;metrics;real_labelling;undersampling;random_forest;3;RELEASE_3_3_0;1;0.11492514610290527;0.0;0.0;0.9158878504672897;0.0;0.0;0.0;0.0
08/06/23 12:50;phpmyadmin;metrics;real_labelling;undersampling;random_forest;3;RELEASE_3_3_1;1;0.11862611770629883;0.0;0.0;0.9158878504672897;0.0;0.0;0.0;0.0
08/06/23 12:50;phpmyadmin;metrics;real_labelling;undersampling;random_forest;3;RELEASE_3_3_2;1;0.11670207977294922;0.0;0.0;0.9161490683229814;0.0;0.0;0.0;0.0
08/06/23 12:50;phpmyadmin;metrics;real_labelling;undersampling;random_forest;3;RELEASE_3_3_3;1;0.1288011074066162;0.0;0.0;0.9161490683229814;0.0;0.0;0.0;0.0
08/06/23 12:50;phpmyadmin;metrics;real_labelling;undersampling;random_forest;3;RELEASE_3_3_4;1;0.12908697128295898;0.0;0.0;0.9161490683229814;0.0;0.0;0.0;0.0
08/06/23 12:50;phpmyadmin;metrics;real_labelling;undersampling;random_forest;3;RELEASE_3_3_5;1;0.11894416809082031;0.0;0.0;0.9161490683229814;0.0;0.0;0.0;0.0
08/06/23 12:50;phpmyadmin;metrics;real_labelling;undersampling;random_forest;3;RELEASE_3_3_6;1;0.12200498580932617;0.0;0.0;0.937888198757764;0.0;0.0;0.0;0.0
08/06/23 12:50;phpmyadmin;metrics;real_labelling;undersampling;random_forest;3;RELEASE_3_3_7;1;0.12293887138366699;0.08196721311475409;0.5263157894736842;0.6242236024844721;0.37888198757763975;0.14184397163120568;0.07610505596265872;1.7
08/06/23 12:50;phpmyadmin;metrics;real_labelling;undersampling;random_forest;3;RELEASE_3_3_8;1;0.10962390899658203;0.08461538461538462;0.5789473684210527;0.6055900621118012;0.40372670807453415;0.1476510067114094;0.0894281774955546;0.8
08/06/23 12:50;phpmyadmin;metrics;real_labelling;undersampling;random_forest;3;RELEASE_3_3_9;1;0.11585378646850586;0.0979020979020979;0.8235294117647058;0.5900621118012422;0.4440993788819876;0.175;0.1802883159049122;0.1
08/06/23 12:51;phpmyadmin;metrics;real_labelling;undersampling;random_forest;3;RELEASE_3_4_0;1;0.1201469898223877;0.05;0.2222222222222222;0.7029702970297029;0.264026402640264;0.0816326530612245;-0.023833001450645853;0.4
08/06/23 12:51;phpmyadmin;metrics;real_labelling;undersampling;random_forest;3;RELEASE_3_4_1;1;0.11210012435913086;0.02727272727272727;0.16666666666666666;0.5973597359735974;0.36303630363036304;0.046875;-0.10262561936696138;0.8
08/06/23 12:51;phpmyadmin;metrics;real_labelling;undersampling;random_forest;3;RELEASE_3_4_2;1;0.11597084999084473;0.02877697841726619;0.2222222222222222;0.5082508250825083;0.45874587458745875;0.050955414012738856;-0.11928935863714812;0.3
08/06/23 12:51;phpmyadmin;metrics;real_labelling;undersampling;random_forest;3;RELEASE_3_4_3;1;0.1215829849243164;0.0;0.0;0.9405940594059405;0.0;0.0;0.0;0.0
08/06/23 12:51;phpmyadmin;metrics;real_labelling;undersampling;random_forest;3;RELEASE_3_4_4;1;0.11398506164550781;0.0;0.0;0.9603960396039604;0.0;0.0;0.0;0.0
08/06/23 12:51;phpmyadmin;metrics;real_labelling;undersampling;random_forest;3;RELEASE_3_4_5;1;0.11144518852233887;0.12195121951219512;0.4166666666666667;0.8561872909698997;0.13712374581939799;0.18867924528301888;0.16617572426362603;1.1
08/06/23 12:51;phpmyadmin;metrics;real_labelling;undersampling;random_forest;3;RELEASE_3_4_6;1;0.11802029609680176;0.0967741935483871;0.75;0.7090301003344481;0.3110367892976589;0.1714285714285714;0.19389825573153951;0.8
08/06/23 12:51;phpmyadmin;metrics;real_labelling;undersampling;random_forest;3;RELEASE_3_4_7;1;0.13169503211975098;0.0;0.0;0.959866220735786;0.0;0.0;0.0;0.0
08/06/23 12:51;phpmyadmin;metrics;real_labelling;undersampling;random_forest;3;RELEASE_3_4_8;1;0.12087392807006836;0.0;0.0;0.9665551839464883;0.0;0.0;0.0;0.0
08/06/23 12:51;phpmyadmin;metrics;real_labelling;undersampling;random_forest;3;RELEASE_3_4_9;1;0.11547493934631348;0.0;0.0;0.9698996655518395;0.0;0.0;0.0;0.0
08/06/23 12:51;phpmyadmin;metrics;real_labelling;undersampling;random_forest;3;RELEASE_3_5_0;1;0.12519192695617676;0.0;0.0;0.9604863221884499;0.0;0.0;0.0;0.0
08/06/23 12:51;phpmyadmin;metrics;real_labelling;undersampling;random_forest;3;RELEASE_3_5_1;1;0.1189570426940918;0.05223880597014925;0.5384615384615384;0.5920245398773006;0.4110429447852761;0.09523809523809523;0.052777267516869515;0.3
08/06/23 12:51;phpmyadmin;metrics;real_labelling;undersampling;random_forest;3;RELEASE_3_5_2;1;0.12085795402526855;0.0;0.0;0.8466257668711656;0.11349693251533742;0.0;-0.07292080394001298;0.1
08/06/23 12:51;phpmyadmin;metrics;real_labelling;undersampling;random_forest;3;RELEASE_3_5_3;1;0.1190030574798584;0.0;0.0;0.9723926380368099;0.0;0.0;0.0;0.0
08/06/23 12:51;phpmyadmin;metrics;real_labelling;undersampling;random_forest;3;RELEASE_3_5_4;1;0.1212759017944336;0.03125;0.3333333333333333;0.696319018404908;0.294478527607362;0.05714285714285714;0.014363306597661118;0.6
08/06/23 12:51;phpmyadmin;metrics;real_labelling;undersampling;random_forest;3;RELEASE_3_5_5;1;0.1142890453338623;0.03389830508474576;0.4444444444444444;0.636085626911315;0.36085626911314983;0.06299212598425197;0.029281016254639816;0.4
08/06/23 12:51;phpmyadmin;metrics;real_labelling;undersampling;random_forest;3;RELEASE_3_5_6;1;0.14351105690002441;0.0;0.0;0.9724770642201835;0.0;0.0;0.0;0.0
08/06/23 12:51;phpmyadmin;metrics;real_labelling;undersampling;random_forest;3;RELEASE_3_5_7;1;0.1196889877319336;0.0;0.0;0.9724770642201835;0.0;0.0;0.0;0.0
08/06/23 12:51;phpmyadmin;metrics;real_labelling;undersampling;random_forest;3;RELEASE_3_5_8;1;0.1273660659790039;0.0;0.0;0.9755351681957186;0.0;0.0;0.0;0.0
08/06/23 12:51;phpmyadmin;metrics;real_labelling;undersampling;random_forest;3;RELEASE_4_0_0;1;0.12178683280944824;0.0;0.0;0.9800498753117207;0.0;0.0;0.0;0.0
08/06/23 12:51;phpmyadmin;metrics;real_labelling;undersampling;random_forest;3;RELEASE_4_0_1;1;0.11817216873168945;0.049689440993788817;1.0;0.6194029850746269;0.40049751243781095;0.09467455621301774;0.1743381631360225;0.3
08/06/23 12:51;phpmyadmin;metrics;real_labelling;undersampling;random_forest;3;RELEASE_4_0_2;1;0.13919997215270996;0.041666666666666664;0.5;0.7611940298507462;0.23880597014925373;0.07692307692307693;0.08729509700084068;0.1
08/06/23 12:51;phpmyadmin;metrics;real_labelling;undersampling;random_forest;3;RELEASE_4_0_3;1;0.1290290355682373;0.0;0.0;0.9825870646766169;0.0;0.0;0.0;0.0
08/06/23 12:51;phpmyadmin;metrics;real_labelling;undersampling;random_forest;3;RELEASE_4_0_4;1;0.1217350959777832;0.0;0.0;0.9825436408977556;0.0;0.0;0.0;0.0
08/06/23 12:51;phpmyadmin;metrics;real_labelling;undersampling;random_forest;3;RELEASE_4_0_5;1;0.12326598167419434;0.0;0.0;1.0;0;0.0;0.0;0.0
08/06/23 12:51;phpmyadmin;metrics;real_labelling;undersampling;random_forest;3;RELEASE_4_0_6;1;0.1154470443725586;0.0;0.0;0.7855361596009975;0.2144638403990025;0.0;0.0;1.2
08/06/23 12:51;phpmyadmin;metrics;real_labelling;undersampling;random_forest;3;RELEASE_4_0_7;1;0.1139230728149414;0.0;0.0;0.7556109725685786;0.24438902743142144;0.0;0.0;0.6
08/06/23 12:51;phpmyadmin;metrics;real_labelling;undersampling;random_forest;3;RELEASE_4_0_8;1;0.12120890617370605;0.0;0.0;1.0;0;0.0;0.0;0.0
08/06/23 12:52;phpmyadmin;metrics;real_labelling;oversampling;random_forest;3;RELEASE_2_2_4;1;0.11201834678649902;0.0;0.0;0.9367088607594937;0.0;0.0;0.0;0.0
08/06/23 12:52;phpmyadmin;metrics;real_labelling;oversampling;random_forest;3;RELEASE_2_2_5;1;0.11481499671936035;0.0;0.0;0.9390243902439024;0.0;0.0;0.0;0.0
08/06/23 12:53;phpmyadmin;metrics;real_labelling;oversampling;random_forest;3;RELEASE_2_2_6;1;0.1088559627532959;0.0;0.0;0.9418604651162791;0.0;0.0;0.0;0.0
08/06/23 12:53;phpmyadmin;metrics;real_labelling;oversampling;random_forest;3;RELEASE_2_3_0;1;0.11589908599853516;0.0;0.0;0.9333333333333333;0.0;0.0;0.0;0.0
08/06/23 12:53;phpmyadmin;metrics;real_labelling;oversampling;random_forest;3;RELEASE_2_3_1;1;0.11865377426147461;0.0;0.0;0.9294117647058824;0.0;0.0;0.0;0.0
08/06/23 12:53;phpmyadmin;metrics;real_labelling;oversampling;random_forest;3;RELEASE_2_3_2;1;0.11522579193115234;0.0;0.0;0.9298245614035088;0.0;0.0;0.0;0.0
08/06/23 12:53;phpmyadmin;metrics;real_labelling;oversampling;random_forest;3;RELEASE_2_3_3;1;0.11695694923400879;0.0;0.0;0.930635838150289;0.0;0.0;0.0;0.0
08/06/23 12:53;phpmyadmin;metrics;real_labelling;oversampling;random_forest;3;RELEASE_2_4_0;1;0.11657595634460449;0.0;0.0;0.9289617486338798;0.0;0.0;0.0;0.0
08/06/23 12:53;phpmyadmin;metrics;real_labelling;oversampling;random_forest;3;RELEASE_2_5_0;1;0.11542034149169922;0.0;0.0;0.9261083743842364;0.0;0.0;0.0;0.0
08/06/23 12:54;phpmyadmin;metrics;real_labelling;oversampling;random_forest;3;RELEASE_2_5_1;1;0.11425590515136719;0.0;0.0;0.9253731343283582;0.0;0.0;0.0;0.0
08/06/23 12:54;phpmyadmin;metrics;real_labelling;oversampling;random_forest;3;RELEASE_2_5_2;1;0.11575508117675781;0.0;0.0;0.927536231884058;0.0;0.0;0.0;0.0
08/06/23 12:54;phpmyadmin;metrics;real_labelling;oversampling;random_forest;3;RELEASE_2_5_3;1;0.11686182022094727;0.0;0.0;0.9295774647887324;0.0;0.0;0.0;0.0
08/06/23 12:54;phpmyadmin;metrics;real_labelling;oversampling;random_forest;3;RELEASE_2_5_4;1;0.11426115036010742;0.0;0.0;0.9262672811059908;0.0;0.0;0.0;0.0
08/06/23 12:54;phpmyadmin;metrics;real_labelling;oversampling;random_forest;3;RELEASE_2_5_5;1;0.11617112159729004;0.0;0.0;0.9144144144144144;0.0;0.0;0.0;0.0
08/06/23 12:54;phpmyadmin;metrics;real_labelling;oversampling;random_forest;3;RELEASE_2_5_6;1;0.1396481990814209;0.0;0.0;0.905;0.0;0.0;0.0;0.0
08/06/23 12:55;phpmyadmin;metrics;real_labelling;oversampling;random_forest;3;RELEASE_2_5_7;1;0.16438508033752441;0.0;0.0;0.9166666666666666;0.0;0.0;0.0;0.0
08/06/23 12:55;phpmyadmin;metrics;real_labelling;oversampling;random_forest;3;RELEASE_2_6_0;1;0.11795306205749512;0.0;0.0;0.9259259259259259;0.0;0.0;0.0;0.0
08/06/23 12:55;phpmyadmin;metrics;real_labelling;oversampling;random_forest;3;RELEASE_2_6_1;1;0.1551530361175537;0.0;0.0;0.936;0.0;0.0;0.0;0.0
08/06/23 12:55;phpmyadmin;metrics;real_labelling;oversampling;random_forest;3;RELEASE_2_6_2;1;0.1395571231842041;0.0;0.0;0.9402985074626866;0.0;0.0;0.0;0.7
08/06/23 12:55;phpmyadmin;metrics;real_labelling;oversampling;random_forest;3;RELEASE_2_6_3;1;0.13408899307250977;0.0;0.0;0.9413919413919414;0.0;0.0;0.0;0.7
08/06/23 12:55;phpmyadmin;metrics;real_labelling;oversampling;random_forest;3;RELEASE_2_7_0;1;0.1210019588470459;0.0;0.0;0.9251700680272109;0.0;0.0;0.0;0.0
08/06/23 12:56;phpmyadmin;metrics;real_labelling;oversampling;random_forest;3;RELEASE_2_8_0;1;0.13709402084350586;0.0;0.0;0.9302325581395349;0.0;0.0;0.0;0.5
08/06/23 12:56;phpmyadmin;metrics;real_labelling;oversampling;random_forest;3;RELEASE_2_8_1;1;0.12216329574584961;0.0;0.0;0.9180327868852459;0.0;0.0;0.0;0.5
08/06/23 12:56;phpmyadmin;metrics;real_labelling;oversampling;random_forest;3;RELEASE_2_8_2;1;0.11758112907409668;0.0;0.0;0.9177631578947368;0.0;0.0;0.0;0.1
08/06/23 12:56;phpmyadmin;metrics;real_labelling;oversampling;random_forest;3;RELEASE_2_9_0;1;0.11136722564697266;0.0;0.0;0.9172185430463576;0.0;0.0;0.0;0.0
08/06/23 12:56;phpmyadmin;metrics;real_labelling;oversampling;random_forest;3;RELEASE_2_9_2;1;0.11354708671569824;0.0;0.0;0.9306930693069307;0.0;0.0;0.0;0.0
08/06/23 12:56;phpmyadmin;metrics;real_labelling;oversampling;random_forest;3;RELEASE_2_10_0;1;0.19938397407531738;1.0;0.043478260869565216;0.930379746835443;0.0031645569620253164;0.08333333333333333;0.2011011783156548;0.7
08/06/23 12:56;phpmyadmin;metrics;real_labelling;oversampling;random_forest;3;RELEASE_2_10_2;1;0.12758612632751465;0.0;0.0;0.930379746835443;0.0;0.0;0.0;0.5
08/06/23 12:56;phpmyadmin;metrics;real_labelling;oversampling;random_forest;3;RELEASE_2_10_3;1;0.11716604232788086;0.0;0.0;0.930379746835443;0.0;0.0;0.0;0.2
08/06/23 12:57;phpmyadmin;metrics;real_labelling;oversampling;random_forest;3;RELEASE_2_11_0;1;0.12195611000061035;0.0;0.0;0.9246987951807228;0.0;0.0;0.0;0.1
08/06/23 12:57;phpmyadmin;metrics;real_labelling;oversampling;random_forest;3;RELEASE_2_11_1;1;0.11264610290527344;0.0;0.0;0.9244712990936556;0.0;0.0;0.0;0.0
08/06/23 12:57;phpmyadmin;metrics;real_labelling;oversampling;random_forest;3;RELEASE_2_11_2;1;0.14023804664611816;0.0;0.0;0.9244712990936556;0.0;0.0;0.0;0.0
08/06/23 12:57;phpmyadmin;metrics;real_labelling;oversampling;random_forest;3;RELEASE_2_11_3;1;0.11160778999328613;0.0;0.0;0.9274924471299094;0.0;0.0;0.0;0.0
08/06/23 12:57;phpmyadmin;metrics;real_labelling;oversampling;random_forest;3;RELEASE_2_11_4;1;0.14178109169006348;0.0;0.0;0.9274924471299094;0.0;0.0;0.0;0.2
08/06/23 12:57;phpmyadmin;metrics;real_labelling;oversampling;random_forest;3;RELEASE_2_11_5;1;0.11617493629455566;0.0;0.0;0.9274924471299094;0.0;0.0;0.0;0.1
08/06/23 12:57;phpmyadmin;metrics;real_labelling;oversampling;random_forest;3;RELEASE_2_11_6;1;0.1109158992767334;0.0;0.0;0.9274924471299094;0.0;0.0;0.0;0.0
08/06/23 12:57;phpmyadmin;metrics;real_labelling;oversampling;random_forest;3;RELEASE_2_11_7;1;0.11783313751220703;0.0;0.0;0.9274924471299094;0.0;0.0;0.0;0.2
08/06/23 12:57;phpmyadmin;metrics;real_labelling;oversampling;random_forest;3;RELEASE_2_11_8;1;0.11604785919189453;0.0;0.0;0.9274924471299094;0.0;0.0;0.0;0.1
08/06/23 12:58;phpmyadmin;metrics;real_labelling;oversampling;random_forest;3;RELEASE_2_11_9;1;0.1151270866394043;0.0;0.0;0.9274924471299094;0.0;0.0;0.0;0.0
08/06/23 12:58;phpmyadmin;metrics;real_labelling;oversampling;random_forest;3;RELEASE_3_0_0;1;0.11705970764160156;0.0;0.0;0.8945454545454545;0.0036363636363636364;0.0;-0.02034020181328726;0.1
08/06/23 12:58;phpmyadmin;metrics;real_labelling;oversampling;random_forest;3;RELEASE_3_0_1;1;0.11811399459838867;0.0;0.0;0.8981818181818182;0.0;0.0;0.0;0.2
08/06/23 12:58;phpmyadmin;metrics;real_labelling;oversampling;random_forest;3;RELEASE_3_1_0;1;0.11609697341918945;0.0;0.0;0.8996655518394648;0.0;0.0;0.0;0.1
08/06/23 12:58;phpmyadmin;metrics;real_labelling;oversampling;random_forest;3;RELEASE_3_1_1;1;0.11916422843933105;0.0;0.0;0.903010033444816;0.0;0.0;0.0;0.2
08/06/23 12:58;phpmyadmin;metrics;real_labelling;oversampling;random_forest;3;RELEASE_3_1_2;1;0.11790609359741211;0.0;0.0;0.903010033444816;0.0;0.0;0.0;0.1
08/06/23 12:58;phpmyadmin;metrics;real_labelling;oversampling;random_forest;3;RELEASE_3_1_3;1;0.11637306213378906;0.0;0.0;0.903010033444816;0.0;0.0;0.0;0.1
08/06/23 12:58;phpmyadmin;metrics;real_labelling;oversampling;random_forest;3;RELEASE_3_1_4;1;0.11300516128540039;0.0;0.0;0.9096989966555183;0.0;0.0;0.0;0.0
08/06/23 12:58;phpmyadmin;metrics;real_labelling;oversampling;random_forest;3;RELEASE_3_1_5;1;0.12368202209472656;0.0;0.0;0.9096989966555183;0.0;0.0;0.0;0.4
08/06/23 12:58;phpmyadmin;metrics;real_labelling;oversampling;random_forest;3;RELEASE_3_2_0;1;0.1205289363861084;0.0;0.0;0.91;0.0;0.0;0.0;0.2
08/06/23 12:58;phpmyadmin;metrics;real_labelling;oversampling;random_forest;3;RELEASE_3_2_2;1;0.13688015937805176;0.0;0.0;0.9105960264900662;0.0;0.0;0.0;0.0
08/06/23 12:58;phpmyadmin;metrics;real_labelling;oversampling;random_forest;3;RELEASE_3_2_3;1;0.13223576545715332;0.0;0.0;0.9172185430463576;0.0;0.0;0.0;0.4
08/06/23 12:59;phpmyadmin;metrics;real_labelling;oversampling;random_forest;3;RELEASE_3_2_4;1;0.2251262664794922;0.0;0.0;0.9172185430463576;0.0;0.0;0.0;0.7
08/06/23 12:59;phpmyadmin;metrics;real_labelling;oversampling;random_forest;3;RELEASE_3_2_5;1;0.13274216651916504;0.0;0.0;0.9172185430463576;0.0;0.0;0.0;0.2
08/06/23 12:59;phpmyadmin;metrics;real_labelling;oversampling;random_forest;3;RELEASE_3_3_0;1;0.12336516380310059;0.0;0.0;0.9158878504672897;0.0;0.0;0.0;0.0
08/06/23 12:59;phpmyadmin;metrics;real_labelling;oversampling;random_forest;3;RELEASE_3_3_1;1;0.12291812896728516;0.0;0.0;0.9158878504672897;0.0;0.0;0.0;0.0
08/06/23 12:59;phpmyadmin;metrics;real_labelling;oversampling;random_forest;3;RELEASE_3_3_2;1;0.12189102172851562;0.0;0.0;0.9161490683229814;0.0;0.0;0.0;0.0
08/06/23 12:59;phpmyadmin;metrics;real_labelling;oversampling;random_forest;3;RELEASE_3_3_3;1;0.12510204315185547;0.0;0.0;0.9161490683229814;0.0;0.0;0.0;0.0
08/06/23 12:59;phpmyadmin;metrics;real_labelling;oversampling;random_forest;3;RELEASE_3_3_4;1;0.12162017822265625;0.0;0.0;0.9161490683229814;0.0;0.0;0.0;0.0
08/06/23 12:59;phpmyadmin;metrics;real_labelling;oversampling;random_forest;3;RELEASE_3_3_5;1;0.11126017570495605;0.0;0.0;0.9161490683229814;0.0;0.0;0.0;0.0
08/06/23 12:59;phpmyadmin;metrics;real_labelling;oversampling;random_forest;3;RELEASE_3_3_6;1;0.12126302719116211;0.0;0.0;0.937888198757764;0.0;0.0;0.0;0.0
08/06/23 12:59;phpmyadmin;metrics;real_labelling;oversampling;random_forest;3;RELEASE_3_3_7;1;0.21195578575134277;0.0;0.0;0.9409937888198758;0.0;0.0;0.0;1.7
08/06/23 12:59;phpmyadmin;metrics;real_labelling;oversampling;random_forest;3;RELEASE_3_3_8;1;0.24472784996032715;0.0;0.0;0.9409937888198758;0.0;0.0;0.0;0.8
08/06/23 12:59;phpmyadmin;metrics;real_labelling;oversampling;random_forest;3;RELEASE_3_3_9;1;0.11771225929260254;0.0;0.0;0.9472049689440993;0.0;0.0;0.0;0.1
08/06/23 12:59;phpmyadmin;metrics;real_labelling;oversampling;random_forest;3;RELEASE_3_4_0;1;0.12325286865234375;0.0;0.0;0.9405940594059405;0.0;0.0;0.0;0.4
08/06/23 12:59;phpmyadmin;metrics;real_labelling;oversampling;random_forest;3;RELEASE_3_4_1;1;0.21663999557495117;0.0;0.0;0.9405940594059405;0.0;0.0;0.0;0.8
08/06/23 12:59;phpmyadmin;metrics;real_labelling;oversampling;random_forest;3;RELEASE_3_4_2;1;0.12306094169616699;0.0;0.0;0.9405940594059405;0.0;0.0;0.0;0.3
08/06/23 12:59;phpmyadmin;metrics;real_labelling;oversampling;random_forest;3;RELEASE_3_4_3;1;0.11173081398010254;0.0;0.0;0.9405940594059405;0.0;0.0;0.0;0.0
08/06/23 12:59;phpmyadmin;metrics;real_labelling;oversampling;random_forest;3;RELEASE_3_4_4;1;0.11273503303527832;0.0;0.0;0.9603960396039604;0.0;0.0;0.0;0.0
08/06/23 12:59;phpmyadmin;metrics;real_labelling;oversampling;random_forest;3;RELEASE_3_4_5;1;0.22147512435913086;0.0;0.0;0.9565217391304348;0.0033444816053511705;0.0;-0.011845176671066446;1.1
08/06/23 13:00;phpmyadmin;metrics;real_labelling;oversampling;random_forest;3;RELEASE_3_4_6;1;0.24830198287963867;0.0;0.0;0.9565217391304348;0.0033444816053511705;0.0;-0.011845176671066446;0.8
08/06/23 13:00;phpmyadmin;metrics;real_labelling;oversampling;random_forest;3;RELEASE_3_4_7;1;0.11124396324157715;0.0;0.0;0.959866220735786;0.0;0.0;0.0;0.0
08/06/23 13:00;phpmyadmin;metrics;real_labelling;oversampling;random_forest;3;RELEASE_3_4_8;1;0.12487912178039551;0.0;0.0;0.9665551839464883;0.0;0.0;0.0;0.0
08/06/23 13:00;phpmyadmin;metrics;real_labelling;oversampling;random_forest;3;RELEASE_3_4_9;1;0.11353659629821777;0.0;0.0;0.9698996655518395;0.0;0.0;0.0;0.0
08/06/23 13:00;phpmyadmin;metrics;real_labelling;oversampling;random_forest;3;RELEASE_3_5_0;1;0.11127495765686035;0.0;0.0;0.9604863221884499;0.0;0.0;0.0;0.0
08/06/23 13:00;phpmyadmin;metrics;real_labelling;oversampling;random_forest;3;RELEASE_3_5_1;1;0.12328600883483887;0.0;0.0;0.9601226993865031;0.0;0.0;0.0;0.3
08/06/23 13:00;phpmyadmin;metrics;real_labelling;oversampling;random_forest;3;RELEASE_3_5_2;1;0.11577701568603516;0.0;0.0;0.9601226993865031;0.0;0.0;0.0;0.1
08/06/23 13:00;phpmyadmin;metrics;real_labelling;oversampling;random_forest;3;RELEASE_3_5_3;1;0.11226010322570801;0.0;0.0;0.9723926380368099;0.0;0.0;0.0;0.0
08/06/23 13:00;phpmyadmin;metrics;real_labelling;oversampling;random_forest;3;RELEASE_3_5_4;1;0.22426605224609375;0.0;0.0;0.9723926380368099;0.0;0.0;0.0;0.6
08/06/23 13:00;phpmyadmin;metrics;real_labelling;oversampling;random_forest;3;RELEASE_3_5_5;1;0.1248772144317627;0.0;0.0;0.9724770642201835;0.0;0.0;0.0;0.4
08/06/23 13:00;phpmyadmin;metrics;real_labelling;oversampling;random_forest;3;RELEASE_3_5_6;1;0.1116647720336914;0.0;0.0;0.9724770642201835;0.0;0.0;0.0;0.0
08/06/23 13:00;phpmyadmin;metrics;real_labelling;oversampling;random_forest;3;RELEASE_3_5_7;1;0.11314821243286133;0.0;0.0;0.9724770642201835;0.0;0.0;0.0;0.0
08/06/23 13:00;phpmyadmin;metrics;real_labelling;oversampling;random_forest;3;RELEASE_3_5_8;1;0.11130595207214355;0.0;0.0;0.9755351681957186;0.0;0.0;0.0;0.0
08/06/23 13:00;phpmyadmin;metrics;real_labelling;oversampling;random_forest;3;RELEASE_4_0_0;1;0.11096405982971191;0.0;0.0;0.9800498753117207;0.0;0.0;0.0;0.0
08/06/23 13:00;phpmyadmin;metrics;real_labelling;oversampling;random_forest;3;RELEASE_4_0_1;1;0.12710905075073242;0.0;0.0;0.9800995024875622;0.0;0.0;0.0;0.3
08/06/23 13:00;phpmyadmin;metrics;real_labelling;oversampling;random_forest;3;RELEASE_4_0_2;1;0.12326383590698242;0.0;0.0;0.9800995024875622;0.0;0.0;0.0;0.1
08/06/23 13:00;phpmyadmin;metrics;real_labelling;oversampling;random_forest;3;RELEASE_4_0_3;1;0.11495709419250488;0.0;0.0;0.9825870646766169;0.0;0.0;0.0;0.0
08/06/23 13:00;phpmyadmin;metrics;real_labelling;oversampling;random_forest;3;RELEASE_4_0_4;1;0.11442828178405762;0.0;0.0;0.9825436408977556;0.0;0.0;0.0;0.0
08/06/23 13:00;phpmyadmin;metrics;real_labelling;oversampling;random_forest;3;RELEASE_4_0_5;1;0.11537384986877441;0.0;0.0;1.0;0;0.0;0.0;0.0
08/06/23 13:00;phpmyadmin;metrics;real_labelling;oversampling;random_forest;3;RELEASE_4_0_6;1;0.2832000255584717;0.0;0.0;0.9975062344139651;0.0024937655860349127;0.0;0.0;1.2
08/06/23 13:00;phpmyadmin;metrics;real_labelling;oversampling;random_forest;3;RELEASE_4_0_7;1;0.36677074432373047;0.0;0.0;1.0;0;0.0;0.0;0.6
08/06/23 13:00;phpmyadmin;metrics;real_labelling;oversampling;random_forest;3;RELEASE_4_0_8;1;0.11371517181396484;0.0;0.0;1.0;0;0.0;0.0;0.0
08/06/23 12:15;moodle;metrics;real_labelling;none;random_forest;3;RELEASE_1_0_4;1;0.11461615562438965;0.0;0.0;0.9711538461538461;0.0;0.0;0.0;0.0
08/06/23 12:15;moodle;metrics;real_labelling;none;random_forest;3;RELEASE_1_0_5;1;0.1098330020904541;0.0;0.0;0.9769230769230769;0.0;0.0;0.0;0.0
08/06/23 12:16;moodle;metrics;real_labelling;none;random_forest;3;RELEASE_1_0_6;1;0.11794686317443848;0.0;0.0;0.9827586206896551;0.0;0.0;0.0;0.0
08/06/23 12:16;moodle;metrics;real_labelling;none;random_forest;3;RELEASE_1_0_7;1;0.11806392669677734;0.0;0.0;0.9886363636363636;0.0;0.0;0.0;0.0
08/06/23 12:16;moodle;metrics;real_labelling;none;random_forest;3;RELEASE_1_0_8;1;0.11831188201904297;0.0;0.0;0.9880239520958084;0.0;0.0;0.0;0.0
08/06/23 12:16;moodle;metrics;real_labelling;none;random_forest;3;RELEASE_1_0_9;1;0.12394309043884277;0.0;0.0;0.9896265560165975;0.0;0.0;0.0;0.0
08/06/23 12:16;moodle;metrics;real_labelling;none;random_forest;3;RELEASE_1_1_0;1;0.12405204772949219;0.0;0.0;0.9877408056042032;0.0;0.0;0.0;0.0
08/06/23 12:16;moodle;metrics;real_labelling;none;random_forest;3;RELEASE_1_1_1;1;0.1323561668395996;0.0;0.0;0.9880341880341881;0.0;0.0;0.0;0.0
08/06/23 12:16;moodle;metrics;real_labelling;none;random_forest;3;RELEASE_1_2_0;1;0.12554216384887695;0.0;0.0;0.9921259842519685;0.0;0.0;0.0;0.0
08/06/23 12:16;moodle;metrics;real_labelling;none;random_forest;3;RELEASE_1_2_1;1;0.1262950897216797;0.0;0.0;0.9921259842519685;0.0;0.0;0.0;0.0
08/06/23 12:16;moodle;metrics;real_labelling;none;random_forest;3;RELEASE_1_3_0;1;0.12793898582458496;0.0;0.0;0.9935298346513299;0.0;0.0;0.0;0.0
08/06/23 12:17;moodle;metrics;real_labelling;none;random_forest;3;RELEASE_1_3_1;1;0.13121581077575684;0.0;0.0;0.994588093806374;0.0;0.0;0.0;0.0
08/06/23 12:17;moodle;metrics;real_labelling;none;random_forest;3;RELEASE_1_3_2;1;0.13721704483032227;0.0;0.0;0.994588093806374;0.0;0.0;0.0;0.0
08/06/23 12:17;moodle;metrics;real_labelling;none;random_forest;3;RELEASE_1_3_3;1;0.14397692680358887;0.0;0.0;0.994588093806374;0.0;0.0;0.0;0.0
08/06/23 12:17;moodle;metrics;real_labelling;none;random_forest;3;RELEASE_1_3_4;1;0.1413099765777588;0.0;0.0;0.995189416716777;0.0;0.0;0.0;0.0
08/06/23 12:17;moodle;metrics;real_labelling;none;random_forest;3;RELEASE_1_4_0;1;0.15978527069091797;0.0;0.0;0.9962295768747381;0.0;0.0;0.0;0.0
08/06/23 12:17;moodle;metrics;real_labelling;none;random_forest;3;RELEASE_1_4_1;1;0.16597604751586914;0.0;0.0;0.996234309623431;0.0;0.0;0.0;0.0
08/06/23 12:17;moodle;metrics;real_labelling;none;random_forest;3;RELEASE_1_4_2;1;0.15209603309631348;0.0;0.0;0.9966527196652719;0.0;0.0;0.0;0.0
08/06/23 12:17;moodle;metrics;real_labelling;none;random_forest;3;RELEASE_1_4_3;1;0.14916300773620605;0.0;0.0;0.9970748015043878;0.0;0.0;0.0;0.0
08/06/23 12:18;moodle;metrics;real_labelling;none;random_forest;3;RELEASE_1_4_4;1;0.15074992179870605;0.0;0.0;0.9970784641068448;0.0;0.0;0.0;0.0
08/06/23 12:18;moodle;metrics;real_labelling;none;random_forest;3;RELEASE_1_4_5;1;0.16884589195251465;0.0;0.0;0.9970893970893971;0.0;0.0;0.0;0.0
08/06/23 12:18;moodle;metrics;real_labelling;none;random_forest;3;RELEASE_1_5_0;1;0.15541768074035645;0.0;0.0;0.9968740231322288;0.0;0.0;0.0;0.0
08/06/23 12:18;moodle;metrics;real_labelling;none;random_forest;3;RELEASE_1_5_1;1;0.15450406074523926;0.0;0.0;0.9968895800933126;0.0;0.0;0.0;0.0
08/06/23 12:18;moodle;metrics;real_labelling;none;random_forest;3;RELEASE_1_5_2;1;0.18487119674682617;0.0;0.0;0.9968924798011187;0.0;0.0;0.0;0.0
08/06/23 12:18;moodle;metrics;real_labelling;none;random_forest;3;RELEASE_1_5_3;1;0.17695879936218262;0.0;0.0;0.9969240233774224;0.0;0.0;0.0;0.0
08/06/23 12:18;moodle;metrics;real_labelling;none;random_forest;3;RELEASE_1_6_0;1;0.17728805541992188;0.0;0.0;0.9871559633027523;0.0;0.0;0.0;0.0
08/06/23 12:18;moodle;metrics;real_labelling;none;random_forest;3;RELEASE_1_6_1;1;0.15164518356323242;0.0;0.0;0.9872146118721461;0.0;0.0;0.0;0.0
08/06/23 12:19;moodle;metrics;real_labelling;none;random_forest;3;RELEASE_1_6_2;1;0.17541217803955078;0.0;0.0;0.9890610756608933;0.0;0.0;0.0;0.0
08/06/23 12:19;moodle;metrics;real_labelling;none;random_forest;3;RELEASE_1_6_3;1;0.12985587120056152;0.0;0.0;0.9899817850637522;0.0;0.0;0.0;0.0
08/06/23 12:19;moodle;metrics;real_labelling;none;random_forest;3;RELEASE_1_7_0;1;0.17396783828735352;0.0;0.0;0.990053557765876;0.0;0.0;0.0;0.1
08/06/23 12:19;moodle;metrics;real_labelling;none;random_forest;3;RELEASE_1_7_1;1;0.1518878936767578;0.0;0.0;0.9900763358778626;0.0;0.0;0.0;0.0
08/06/23 12:19;moodle;metrics;real_labelling;none;random_forest;3;RELEASE_1_7_2;1;0.12725114822387695;0.0;0.0;0.9900763358778626;0.0;0.0;0.0;0.0
08/06/23 12:19;moodle;metrics;real_labelling;none;random_forest;3;RELEASE_1_8_0;1;0.1276869773864746;0.0;0.0;0.9902912621359223;0.0;0.0;0.0;0.0
08/06/23 12:19;moodle;metrics;real_labelling;none;random_forest;3;RELEASE_1_8_1;1;0.12746024131774902;0.0;0.0;0.9895104895104895;0.0;0.0;0.0;0.0
08/06/23 12:19;moodle;metrics;real_labelling;none;random_forest;3;RELEASE_1_8_2;1;0.13736605644226074;0.0;0.0;0.989517819706499;0.0;0.0;0.0;0.0
08/06/23 12:19;moodle;metrics;real_labelling;none;random_forest;3;RELEASE_1_8_3;1;0.13749194145202637;0.0;0.0;0.9902506963788301;0.0;0.0;0.0;0.0
08/06/23 12:19;moodle;metrics;real_labelling;none;random_forest;3;RELEASE_1_8_4;1;0.13910508155822754;0.0;0.0;0.9903381642512077;0.0;0.0;0.0;0.0
08/06/23 12:19;moodle;metrics;real_labelling;none;random_forest;3;RELEASE_1_9_0;1;0.14126920700073242;0.0;0.0;0.9896404631322364;0.0;0.0;0.0;0.0
08/06/23 12:19;moodle;metrics;real_labelling;none;random_forest;3;RELEASE_1_9_1;1;0.14308691024780273;0.0;0.0;0.9896782027929569;0.0;0.0;0.0;0.0
08/06/23 12:20;moodle;metrics;real_labelling;none;random_forest;3;RELEASE_1_9_2;1;0.14358305931091309;0.0;0.0;0.9891041162227603;0.0;0.0;0.0;0.0
08/06/23 12:20;moodle;metrics;real_labelling;none;random_forest;3;RELEASE_2_0_0;1;0.16614198684692383;0.0;0.0;0.9918422841604351;0.0;0.0;0.0;0.0
08/06/23 12:20;moodle;metrics;real_labelling;none;random_forest;3;RELEASE_2_0_1;1;0.33547091484069824;0.0;0.0;0.9918505942275042;0.0;0.0;0.0;0.3
08/06/23 12:20;moodle;metrics;real_labelling;none;random_forest;3;RELEASE_2_0_2;1;0.34638476371765137;0.0;0.0;0.9928934010152284;0.0;0.0;0.0;0.1
08/06/23 12:20;moodle;metrics;real_labelling;none;random_forest;3;RELEASE_2_0_3;1;0.21685504913330078;0.0;0.0;0.9932773109243698;0.0;0.0;0.0;0.0
08/06/23 12:20;moodle;metrics;real_labelling;none;random_forest;3;RELEASE_2_1_0;1;0.1979069709777832;0.0;0.0;0.9933899905571294;0.0;0.0;0.0;0.0
08/06/23 12:20;moodle;metrics;real_labelling;none;random_forest;3;RELEASE_2_1_1;1;0.20364689826965332;0.0;0.0;0.9934107310950737;0.0;0.0;0.0;0.0
08/06/23 12:20;moodle;metrics;real_labelling;none;random_forest;3;RELEASE_2_1_2;1;0.21134328842163086;0.0;0.0;0.9940569283703472;0.0;0.0;0.0;0.0
08/06/23 12:20;moodle;metrics;real_labelling;none;random_forest;3;RELEASE_2_1_3;1;0.22057867050170898;0.0;0.0;0.9959425717852685;0.0;0.0;0.0;0.0
08/06/23 12:20;moodle;metrics;real_labelling;undersampling;random_forest;3;RELEASE_1_0_4;1;0.13118481636047363;0.0;0.0;0.9711538461538461;0.0;0.0;0.0;0.0
08/06/23 12:20;moodle;metrics;real_labelling;undersampling;random_forest;3;RELEASE_1_0_5;1;0.12086796760559082;0.0;0.0;0.9769230769230769;0.0;0.0;0.0;0.0
08/06/23 12:20;moodle;metrics;real_labelling;undersampling;random_forest;3;RELEASE_1_0_6;1;0.11338496208190918;0.0;0.0;0.9827586206896551;0.0;0.0;0.0;0.0
08/06/23 12:20;moodle;metrics;real_labelling;undersampling;random_forest;3;RELEASE_1_0_7;1;0.11858677864074707;0.0;0.0;0.9886363636363636;0.0;0.0;0.0;0.0
08/06/23 12:20;moodle;metrics;real_labelling;undersampling;random_forest;3;RELEASE_1_0_8;1;0.12993884086608887;0.0;0.0;0.9880239520958084;0.0;0.0;0.0;0.0
08/06/23 12:20;moodle;metrics;real_labelling;undersampling;random_forest;3;RELEASE_1_0_9;1;0.11371994018554688;0.0;0.0;0.9896265560165975;0.0;0.0;0.0;0.0
08/06/23 12:20;moodle;metrics;real_labelling;undersampling;random_forest;3;RELEASE_1_1_0;1;0.22716069221496582;0.0;0.0;0.9877408056042032;0.0;0.0;0.0;0.0
08/06/23 12:21;moodle;metrics;real_labelling;undersampling;random_forest;3;RELEASE_1_1_1;1;0.16614031791687012;0.0;0.0;0.9880341880341881;0.0;0.0;0.0;0.0
08/06/23 12:21;moodle;metrics;real_labelling;undersampling;random_forest;3;RELEASE_1_2_0;1;0.16662883758544922;0.0;0.0;0.9921259842519685;0.0;0.0;0.0;0.0
08/06/23 12:21;moodle;metrics;real_labelling;undersampling;random_forest;3;RELEASE_1_2_1;1;0.18050670623779297;0.0;0.0;0.9921259842519685;0.0;0.0;0.0;0.0
08/06/23 12:21;moodle;metrics;real_labelling;undersampling;random_forest;3;RELEASE_1_3_0;1;0.2007749080657959;0.0;0.0;0.9935298346513299;0.0;0.0;0.0;0.0
08/06/23 12:21;moodle;metrics;real_labelling;undersampling;random_forest;3;RELEASE_1_3_1;1;0.14979982376098633;0.0;0.0;0.994588093806374;0.0;0.0;0.0;0.0
08/06/23 12:21;moodle;metrics;real_labelling;undersampling;random_forest;3;RELEASE_1_3_2;1;0.1433730125427246;0.0;0.0;0.994588093806374;0.0;0.0;0.0;0.0
08/06/23 12:21;moodle;metrics;real_labelling;undersampling;random_forest;3;RELEASE_1_3_3;1;0.17333292961120605;0.0;0.0;0.994588093806374;0.0;0.0;0.0;0.0
08/06/23 12:21;moodle;metrics;real_labelling;undersampling;random_forest;3;RELEASE_1_3_4;1;0.1452169418334961;0.0;0.0;0.995189416716777;0.0;0.0;0.0;0.0
08/06/23 12:22;moodle;metrics;real_labelling;undersampling;random_forest;3;RELEASE_1_4_0;1;0.13636994361877441;0.04838709677419355;0.6666666666666666;0.9493087557603687;0.05194805194805195;0.09022556390977444;0.1704083979327803;0.0
08/06/23 12:22;moodle;metrics;real_labelling;undersampling;random_forest;3;RELEASE_1_4_1;1;0.1219320297241211;0.0196078431372549;0.1111111111111111;0.9757322175732217;0.021338912133891212;0.03333333333333333;0.03819276691254614;0.0
08/06/23 12:22;moodle;metrics;real_labelling;undersampling;random_forest;3;RELEASE_1_4_2;1;0.1527543067932129;0.0;0.0;0.9966527196652719;0.0;0.0;0.0;0.0
08/06/23 12:22;moodle;metrics;real_labelling;undersampling;random_forest;3;RELEASE_1_4_3;1;0.16911697387695312;0.0;0.0;0.9970748015043878;0.0;0.0;0.0;0.0
08/06/23 12:22;moodle;metrics;real_labelling;undersampling;random_forest;3;RELEASE_1_4_4;1;0.16446685791015625;0.0;0.0;0.9970784641068448;0.0;0.0;0.0;0.0
08/06/23 12:22;moodle;metrics;real_labelling;undersampling;random_forest;3;RELEASE_1_4_5;1;0.10733532905578613;0.01971830985915493;1.0;0.8553014553014553;0.14760914760914762;0.038674033149171276;0.12983362551084077;0.0
08/06/23 12:22;moodle;metrics;real_labelling;undersampling;random_forest;3;RELEASE_1_5_0;1;0.17211008071899414;0.0;0.0;0.9968740231322288;0.0;0.0;0.0;0.0
08/06/23 12:22;moodle;metrics;real_labelling;undersampling;random_forest;3;RELEASE_1_5_1;1;0.1632518768310547;0.0;0.0;0.9968895800933126;0.0;0.0;0.0;0.0
08/06/23 12:22;moodle;metrics;real_labelling;undersampling;random_forest;3;RELEASE_1_5_2;1;0.1931140422821045;0.0;0.0;0.9968924798011187;0.0;0.0;0.0;0.0
08/06/23 12:22;moodle;metrics;real_labelling;undersampling;random_forest;3;RELEASE_1_5_3;1;0.18944692611694336;0.0;0.0;0.9969240233774224;0.0;0.0;0.0;0.0
08/06/23 12:23;moodle;metrics;real_labelling;undersampling;random_forest;3;RELEASE_1_6_0;1;0.17991399765014648;0.0;0.0;0.9871559633027523;0.0;0.0;0.0;0.0
08/06/23 12:23;moodle;metrics;real_labelling;undersampling;random_forest;3;RELEASE_1_6_1;1;0.1540663242340088;0.0;0.0;0.9872146118721461;0.0;0.0;0.0;0.0
08/06/23 12:23;moodle;metrics;real_labelling;undersampling;random_forest;3;RELEASE_1_6_2;1;0.15233922004699707;0.0;0.0;0.9890610756608933;0.0;0.0;0.0;0.0
08/06/23 12:23;moodle;metrics;real_labelling;undersampling;random_forest;3;RELEASE_1_6_3;1;0.12861275672912598;0.0;0.0;0.9899817850637522;0.0;0.0;0.0;0.0
08/06/23 12:23;moodle;metrics;real_labelling;undersampling;random_forest;3;RELEASE_1_7_0;1;0.1358630657196045;0.0009532888465204957;0.07692307692307693;0.188982402448355;0.8026013771996939;0.0018832391713747647;-0.18273707337835893;0.1
08/06/23 12:23;moodle;metrics;real_labelling;undersampling;random_forest;3;RELEASE_1_7_1;1;0.11902594566345215;0.000946969696969697;0.07692307692307693;0.18549618320610686;0.8061068702290076;0.0018709073900841909;-0.18465504342855107;0.0
08/06/23 12:23;moodle;metrics;real_labelling;undersampling;random_forest;3;RELEASE_1_7_2;1;0.1314380168914795;0.0;0.0;0.9900763358778626;0.0;0.0;0.0;0.0
08/06/23 12:23;moodle;metrics;real_labelling;undersampling;random_forest;3;RELEASE_1_8_0;1;0.14443111419677734;0.0;0.0;0.9902912621359223;0.0;0.0;0.0;0.0
08/06/23 12:23;moodle;metrics;real_labelling;undersampling;random_forest;3;RELEASE_1_8_1;1;0.1379258632659912;0.0;0.0;0.9895104895104895;0.0;0.0;0.0;0.0
08/06/23 12:23;moodle;metrics;real_labelling;undersampling;random_forest;3;RELEASE_1_8_2;1;0.1475381851196289;0.0;0.0;0.989517819706499;0.0;0.0;0.0;0.0
08/06/23 12:23;moodle;metrics;real_labelling;undersampling;random_forest;3;RELEASE_1_8_3;1;0.13951897621154785;0.0;0.0;0.9902506963788301;0.0;0.0;0.0;0.0
08/06/23 12:23;moodle;metrics;real_labelling;undersampling;random_forest;3;RELEASE_1_8_4;1;0.13783597946166992;0.0;0.0;0.9903381642512077;0.0;0.0;0.0;0.0
08/06/23 12:23;moodle;metrics;real_labelling;undersampling;random_forest;3;RELEASE_1_9_0;1;0.14272785186767578;0.0;0.0;0.9896404631322364;0.0;0.0;0.0;0.0
08/06/23 12:23;moodle;metrics;real_labelling;undersampling;random_forest;3;RELEASE_1_9_1;1;0.14790129661560059;0.0;0.0;0.9896782027929569;0.0;0.0;0.0;0.0
08/06/23 12:23;moodle;metrics;real_labelling;undersampling;random_forest;3;RELEASE_1_9_2;1;0.1416950225830078;0.0;0.0;0.9891041162227603;0.0;0.0;0.0;0.0
08/06/23 12:23;moodle;metrics;real_labelling;undersampling;random_forest;3;RELEASE_2_0_0;1;0.14464020729064941;0.0;0.0;0.9918422841604351;0.0;0.0;0.0;0.0
08/06/23 12:24;moodle;metrics;real_labelling;undersampling;random_forest;3;RELEASE_2_0_1;1;0.11260008811950684;0.03349282296650718;0.5833333333333334;0.8594227504244483;0.14193548387096774;0.06334841628959277;0.11464750094761285;0.3
08/06/23 12:24;moodle;metrics;real_labelling;undersampling;random_forest;3;RELEASE_2_0_2;1;0.11069393157958984;0.036923076923076927;0.5714285714285714;0.8910321489001692;0.10998307952622674;0.06936416184971099;0.12477797423354625;0.1
08/06/23 12:24;moodle;metrics;real_labelling;undersampling;random_forest;3;RELEASE_2_0_3;1;0.17369604110717773;0.0;0.0;0.9932773109243698;0.0;0.0;0.0;0.0
08/06/23 12:24;moodle;metrics;real_labelling;undersampling;random_forest;3;RELEASE_2_1_0;1;0.17330718040466309;0.0;0.0;0.9933899905571294;0.0;0.0;0.0;0.0
08/06/23 12:24;moodle;metrics;real_labelling;undersampling;random_forest;3;RELEASE_2_1_1;1;0.1726980209350586;0.0;0.0;0.9934107310950737;0.0;0.0;0.0;0.0
08/06/23 12:24;moodle;metrics;real_labelling;undersampling;random_forest;3;RELEASE_2_1_2;1;0.19426679611206055;0.0;0.0;0.9940569283703472;0.0;0.0;0.0;0.0
08/06/23 12:24;moodle;metrics;real_labelling;undersampling;random_forest;3;RELEASE_2_1_3;1;0.18836188316345215;0.0;0.0;0.9959425717852685;0.0;0.0;0.0;0.0
08/06/23 12:24;moodle;metrics;real_labelling;oversampling;random_forest;3;RELEASE_1_0_4;1;0.1141510009765625;0.0;0.0;0.9711538461538461;0.0;0.0;0.0;0.0
08/06/23 12:24;moodle;metrics;real_labelling;oversampling;random_forest;3;RELEASE_1_0_5;1;0.11638116836547852;0.0;0.0;0.9769230769230769;0.0;0.0;0.0;0.0
08/06/23 12:24;moodle;metrics;real_labelling;oversampling;random_forest;3;RELEASE_1_0_6;1;0.12132787704467773;0.0;0.0;0.9827586206896551;0.0;0.0;0.0;0.0
08/06/23 12:24;moodle;metrics;real_labelling;oversampling;random_forest;3;RELEASE_1_0_7;1;0.12708020210266113;0.0;0.0;0.9886363636363636;0.0;0.0;0.0;0.0
08/06/23 12:24;moodle;metrics;real_labelling;oversampling;random_forest;3;RELEASE_1_0_8;1;0.1188361644744873;0.0;0.0;0.9880239520958084;0.0;0.0;0.0;0.0
08/06/23 12:24;moodle;metrics;real_labelling;oversampling;random_forest;3;RELEASE_1_0_9;1;0.12538599967956543;0.0;0.0;0.9896265560165975;0.0;0.0;0.0;0.0
08/06/23 12:24;moodle;metrics;real_labelling;oversampling;random_forest;3;RELEASE_1_1_0;1;0.12679791450500488;0.0;0.0;0.9877408056042032;0.0;0.0;0.0;0.0
08/06/23 12:24;moodle;metrics;real_labelling;oversampling;random_forest;3;RELEASE_1_1_1;1;0.11558294296264648;0.0;0.0;0.9880341880341881;0.0;0.0;0.0;0.0
08/06/23 12:25;moodle;metrics;real_labelling;oversampling;random_forest;3;RELEASE_1_2_0;1;0.12058305740356445;0.0;0.0;0.9921259842519685;0.0;0.0;0.0;0.0
08/06/23 12:25;moodle;metrics;real_labelling;oversampling;random_forest;3;RELEASE_1_2_1;1;0.13227200508117676;0.0;0.0;0.9921259842519685;0.0;0.0;0.0;0.0
08/06/23 12:25;moodle;metrics;real_labelling;oversampling;random_forest;3;RELEASE_1_3_0;1;0.12308526039123535;0.0;0.0;0.9935298346513299;0.0;0.0;0.0;0.0
08/06/23 12:25;moodle;metrics;real_labelling;oversampling;random_forest;3;RELEASE_1_3_1;1;0.12547779083251953;0.0;0.0;0.994588093806374;0.0;0.0;0.0;0.0
08/06/23 12:25;moodle;metrics;real_labelling;oversampling;random_forest;3;RELEASE_1_3_2;1;0.13695216178894043;0.0;0.0;0.994588093806374;0.0;0.0;0.0;0.0
08/06/23 12:26;moodle;metrics;real_labelling;oversampling;random_forest;3;RELEASE_1_3_3;1;0.1430063247680664;0.0;0.0;0.994588093806374;0.0;0.0;0.0;0.0
08/06/23 12:26;moodle;metrics;real_labelling;oversampling;random_forest;3;RELEASE_1_3_4;1;0.16150999069213867;0.0;0.0;0.995189416716777;0.0;0.0;0.0;0.0
08/06/23 12:26;moodle;metrics;real_labelling;oversampling;random_forest;3;RELEASE_1_4_0;1;0.1594698429107666;0.0;0.0;0.9962295768747381;0.0;0.0;0.0;0.0
08/06/23 12:27;moodle;metrics;real_labelling;oversampling;random_forest;3;RELEASE_1_4_1;1;0.17970991134643555;0.0;0.0;0.996234309623431;0.0;0.0;0.0;0.0
08/06/23 12:27;moodle;metrics;real_labelling;oversampling;random_forest;3;RELEASE_1_4_2;1;0.15576791763305664;0.0;0.0;0.9966527196652719;0.0;0.0;0.0;0.0
08/06/23 12:28;moodle;metrics;real_labelling;oversampling;random_forest;3;RELEASE_1_4_3;1;0.15591883659362793;0.0;0.0;0.9970748015043878;0.0;0.0;0.0;0.0
08/06/23 12:28;moodle;metrics;real_labelling;oversampling;random_forest;3;RELEASE_1_4_4;1;0.16115307807922363;0.0;0.0;0.9970784641068448;0.0;0.0;0.0;0.0
08/06/23 12:28;moodle;metrics;real_labelling;oversampling;random_forest;3;RELEASE_1_4_5;1;0.17922091484069824;0.0;0.0;0.9970893970893971;0.0;0.0;0.0;0.0
08/06/23 12:29;moodle;metrics;real_labelling;oversampling;random_forest;3;RELEASE_1_5_0;1;0.18106484413146973;0.0;0.0;0.9968740231322288;0.0;0.0;0.0;0.0
08/06/23 12:29;moodle;metrics;real_labelling;oversampling;random_forest;3;RELEASE_1_5_1;1;0.1564638614654541;0.0;0.0;0.9968895800933126;0.0;0.0;0.0;0.0
08/06/23 12:29;moodle;metrics;real_labelling;oversampling;random_forest;3;RELEASE_1_5_2;1;0.17739176750183105;0.0;0.0;0.9968924798011187;0.0;0.0;0.0;0.0
08/06/23 12:29;moodle;metrics;real_labelling;oversampling;random_forest;3;RELEASE_1_5_3;1;0.18418002128601074;0.0;0.0;0.9969240233774224;0.0;0.0;0.0;0.0
08/06/23 12:30;moodle;metrics;real_labelling;oversampling;random_forest;3;RELEASE_1_6_0;1;0.17721986770629883;0.0;0.0;0.9871559633027523;0.0;0.0;0.0;0.0
08/06/23 12:31;moodle;metrics;real_labelling;oversampling;random_forest;3;RELEASE_1_6_1;1;0.1537630558013916;0.0;0.0;0.9872146118721461;0.0;0.0;0.0;0.0
08/06/23 12:31;moodle;metrics;real_labelling;oversampling;random_forest;3;RELEASE_1_6_2;1;0.14233183860778809;0.0;0.0;0.9890610756608933;0.0;0.0;0.0;0.0
08/06/23 12:31;moodle;metrics;real_labelling;oversampling;random_forest;3;RELEASE_1_6_3;1;0.1670229434967041;0.0;0.0;0.9899817850637522;0.0;0.0;0.0;0.0
08/06/23 12:32;moodle;metrics;real_labelling;oversampling;random_forest;3;RELEASE_1_7_0;1;0.1714010238647461;0.0;0.0;0.990053557765876;0.0;0.0;0.0;0.1
08/06/23 12:32;moodle;metrics;real_labelling;oversampling;random_forest;3;RELEASE_1_7_1;1;0.14935517311096191;0.0;0.0;0.9900763358778626;0.0;0.0;0.0;0.0
08/06/23 12:32;moodle;metrics;real_labelling;oversampling;random_forest;3;RELEASE_1_7_2;1;0.12720584869384766;0.0;0.0;0.9900763358778626;0.0;0.0;0.0;0.0
08/06/23 12:32;moodle;metrics;real_labelling;oversampling;random_forest;3;RELEASE_1_8_0;1;0.1263868808746338;0.0;0.0;0.9902912621359223;0.0;0.0;0.0;0.0
08/06/23 12:32;moodle;metrics;real_labelling;oversampling;random_forest;3;RELEASE_1_8_1;1;0.13607215881347656;0.0;0.0;0.9895104895104895;0.0;0.0;0.0;0.0
08/06/23 12:32;moodle;metrics;real_labelling;oversampling;random_forest;3;RELEASE_1_8_2;1;0.1489553451538086;0.0;0.0;0.989517819706499;0.0;0.0;0.0;0.0
08/06/23 12:32;moodle;metrics;real_labelling;oversampling;random_forest;3;RELEASE_1_8_3;1;0.135606050491333;0.0;0.0;0.9902506963788301;0.0;0.0;0.0;0.0
08/06/23 12:32;moodle;metrics;real_labelling;oversampling;random_forest;3;RELEASE_1_8_4;1;0.13369417190551758;0.0;0.0;0.9903381642512077;0.0;0.0;0.0;0.0
08/06/23 12:33;moodle;metrics;real_labelling;oversampling;random_forest;3;RELEASE_1_9_0;1;0.1364588737487793;0.0;0.0;0.9896404631322364;0.0;0.0;0.0;0.0
08/06/23 12:33;moodle;metrics;real_labelling;oversampling;random_forest;3;RELEASE_1_9_1;1;0.1360321044921875;0.0;0.0;0.9896782027929569;0.0;0.0;0.0;0.0
08/06/23 12:33;moodle;metrics;real_labelling;oversampling;random_forest;3;RELEASE_1_9_2;1;0.16144680976867676;0.0;0.0;0.9891041162227603;0.0;0.0;0.0;0.0
08/06/23 12:33;moodle;metrics;real_labelling;oversampling;random_forest;3;RELEASE_2_0_0;1;0.14750099182128906;0.0;0.0;0.9918422841604351;0.0;0.0;0.0;0.0
08/06/23 12:33;moodle;metrics;real_labelling;oversampling;random_forest;3;RELEASE_2_0_1;1;1.897.017.240.524.290;0.0;0.0;0.9915110356536503;0.00033955857385398983;0.0;-0.001670594085582261;0.3
08/06/23 12:33;moodle;metrics;real_labelling;oversampling;random_forest;3;RELEASE_2_0_2;1;256.848.406.791.687;0.0;0.0;0.9928934010152284;0.0;0.0;0.0;0.1
08/06/23 12:33;moodle;metrics;real_labelling;oversampling;random_forest;3;RELEASE_2_0_3;1;0.27373790740966797;0.0;0.0;0.9932773109243698;0.0;0.0;0.0;0.0
08/06/23 12:33;moodle;metrics;real_labelling;oversampling;random_forest;3;RELEASE_2_1_0;1;0.24158477783203125;0.0;0.0;0.9933899905571294;0.0;0.0;0.0;0.0
08/06/23 12:33;moodle;metrics;real_labelling;oversampling;random_forest;3;RELEASE_2_1_1;1;0.2351539134979248;0.0;0.0;0.9934107310950737;0.0;0.0;0.0;0.0
08/06/23 12:33;moodle;metrics;real_labelling;oversampling;random_forest;3;RELEASE_2_1_2;1;0.2727341651916504;0.0;0.0;0.9940569283703472;0.0;0.0;0.0;0.0
08/06/23 12:33;moodle;metrics;real_labelling;oversampling;random_forest;3;RELEASE_2_1_3;1;0.2866671085357666;0.0;0.0;0.9959425717852685;0.0;0.0;0.0;0.0