,nonecholoc,loc,nmethods,ccomdeep,ccom,nest,hvol,nIncomingCalls,nIncomingCallsUniq,nOutgoingInternCalls,nOutgoingExternFlsCalled,nOutgoingExternFlsCalledUniq,nOutgoingExternCallsUniq,IsIdealVulnerable,IsRealVulnerable
chk_rel.php3,7.0,8.0,0.0,1.0,1.0,0.0,11.090354888959125,0.0,0.0,0.0,1.0,1.0,1.0,no,no
config.inc.php3,361.0,361.0,0.0,3.0,3.0,1.0,587.1591987134817,0.0,0.0,0.0,0.0,0.0,0.0,no,no
css/phpmyadmin.css.php3,87.0,98.0,0.0,9.0,9.0,5.0,1284.331454122412,0.0,0.0,0.0,2.0,2.0,2.0,no,no
db_create.php3,11.0,11.0,0.0,2.0,2.0,1.0,95.38226801057343,0.0,0.0,0.0,5.0,3.0,6.0,no,no
db_datadict.php3,150.0,167.0,0.0,40.0,40.0,4.0,1943.9177775826745,0.0,0.0,0.0,12.0,5.0,25.0,no,no
db_details_common.php3,22.0,25.0,0.0,9.0,9.0,2.0,254.29119016458785,0.0,0.0,0.0,3.0,3.0,7.0,no,no
db_details_db_info.php3,38.0,38.0,0.0,14.0,14.0,7.0,494.7117177227884,0.0,0.0,0.0,7.0,2.0,18.0,no,no
db_details_export.php3,28.0,30.0,0.0,3.0,3.0,2.0,206.00805279156484,0.0,0.0,0.0,1.0,1.0,1.0,no,no
db_details_importdocsql.php3,144.0,155.0,1.0,41.0,41.0,6.0,2439.216651589115,0.0,0.0,1.0,8.0,5.0,22.0,no,no
db_details_links.php3,36.0,42.0,0.0,9.0,9.0,1.0,327.95152878930304,0.0,0.0,0.0,5.0,2.0,11.0,no,no
db_details.php3,99.0,108.0,0.0,24.0,24.0,5.0,1476.9242922477715,0.0,0.0,0.0,4.0,4.0,4.0,no,no
db_details_qbe.php3,517.0,574.0,2.0,134.0,134.0,8.0,9992.334163478301,0.0,0.0,2.0,13.0,4.0,35.0,no,no
db_details_structure.php3,277.0,328.0,0.0,45.0,45.0,8.0,5499.456710630167,0.0,0.0,0.0,17.0,5.0,41.0,yes,yes
db_printview.php3,135.0,169.0,0.0,40.0,40.0,7.0,2193.25431542744,0.0,0.0,0.0,12.0,4.0,28.0,no,no
db_search.php3,173.0,183.0,1.0,33.0,33.0,6.0,2581.3366904915324,0.0,0.0,1.0,12.0,3.0,26.0,no,no
footer.inc.php3,30.0,34.0,0.0,8.0,8.0,2.0,410.41532147689674,0.0,0.0,0.0,3.0,3.0,3.0,no,no
header.inc.php3,66.0,83.0,0.0,18.0,18.0,5.0,872.3153485392824,0.0,0.0,0.0,3.0,2.0,3.0,no,no
header_printview.inc.php3,25.0,26.0,0.0,4.0,4.0,2.0,269.3836663989179,0.0,0.0,0.0,4.0,2.0,4.0,no,no
index.php3,38.0,43.0,0.0,10.0,10.0,4.0,479.0215359209078,0.0,0.0,0.0,4.0,3.0,4.0,yes,yes
lang/afrikaans-iso-8859-1.inc.php3,593.0,593.0,0.0,1.0,1.0,0.0,3779.035927851331,0.0,0.0,0.0,0.0,0.0,0.0,no,no
lang/afrikaans-utf-8.inc.php3,594.0,594.0,0.0,1.0,1.0,0.0,3786.420278605651,0.0,0.0,0.0,0.0,0.0,0.0,no,no
lang/albanian-iso-8859-1.inc.php3,593.0,593.0,0.0,1.0,1.0,0.0,3779.035927851331,0.0,0.0,0.0,0.0,0.0,0.0,no,no
lang/albanian-utf-8.inc.php3,594.0,594.0,0.0,1.0,1.0,0.0,3786.420278605651,0.0,0.0,0.0,0.0,0.0,0.0,no,no
lang/arabic-utf-8.inc.php3,594.0,594.0,0.0,1.0,1.0,0.0,3786.420278605651,0.0,0.0,0.0,0.0,0.0,0.0,no,no
lang/arabic-windows-1256.inc.php3,593.0,593.0,0.0,1.0,1.0,0.0,3779.035927851331,0.0,0.0,0.0,0.0,0.0,0.0,no,no
lang/brazilian_portuguese-iso-8859-1.inc.php3,593.0,593.0,0.0,1.0,1.0,0.0,3779.035927851331,0.0,0.0,0.0,0.0,0.0,0.0,no,no
lang/brazilian_portuguese-utf-8.inc.php3,594.0,594.0,0.0,1.0,1.0,0.0,3786.420278605651,0.0,0.0,0.0,0.0,0.0,0.0,no,no
lang/bulgarian-koi8-r.inc.php3,593.0,593.0,0.0,1.0,1.0,0.0,3779.035927851331,0.0,0.0,0.0,0.0,0.0,0.0,no,no
lang/bulgarian-utf-8.inc.php3,594.0,594.0,0.0,1.0,1.0,0.0,3786.420278605651,0.0,0.0,0.0,0.0,0.0,0.0,no,no
lang/bulgarian-windows-1251.inc.php3,593.0,593.0,0.0,1.0,1.0,0.0,3779.035927851331,0.0,0.0,0.0,0.0,0.0,0.0,no,no
lang/catalan-iso-8859-1.inc.php3,593.0,593.0,0.0,1.0,1.0,0.0,3779.035927851331,0.0,0.0,0.0,0.0,0.0,0.0,no,no
lang/catalan-utf-8.inc.php3,594.0,594.0,0.0,1.0,1.0,0.0,3786.420278605651,0.0,0.0,0.0,0.0,0.0,0.0,no,no
lang/chinese_big5.inc.php3,593.0,593.0,0.0,1.0,1.0,0.0,3779.035927851331,0.0,0.0,0.0,0.0,0.0,0.0,no,no
lang/chinese_big5-utf-8.inc.php3,594.0,594.0,0.0,1.0,1.0,0.0,3786.420278605651,0.0,0.0,0.0,0.0,0.0,0.0,no,no
lang/chinese_gb.inc.php3,593.0,593.0,0.0,1.0,1.0,0.0,3779.035927851331,0.0,0.0,0.0,0.0,0.0,0.0,no,no
lang/chinese_gb-utf-8.inc.php3,594.0,594.0,0.0,1.0,1.0,0.0,3786.420278605651,0.0,0.0,0.0,0.0,0.0,0.0,no,no
lang/croatian-iso-8859-2.inc.php3,593.0,593.0,0.0,1.0,1.0,0.0,3779.035927851331,0.0,0.0,0.0,0.0,0.0,0.0,no,no
lang/croatian-utf-8.inc.php3,594.0,594.0,0.0,1.0,1.0,0.0,3786.420278605651,0.0,0.0,0.0,0.0,0.0,0.0,no,no
lang/croatian-windows-1250.inc.php3,593.0,593.0,0.0,1.0,1.0,0.0,3779.035927851331,0.0,0.0,0.0,0.0,0.0,0.0,no,no
lang/czech-iso-8859-2.inc.php3,593.0,593.0,0.0,1.0,1.0,0.0,3779.035927851331,0.0,0.0,0.0,0.0,0.0,0.0,no,no
lang/czech-utf-8.inc.php3,594.0,594.0,0.0,1.0,1.0,0.0,3786.420278605651,0.0,0.0,0.0,0.0,0.0,0.0,no,no
lang/czech-windows-1250.inc.php3,593.0,593.0,0.0,1.0,1.0,0.0,3779.035927851331,0.0,0.0,0.0,0.0,0.0,0.0,no,no
lang/danish-iso-8859-1.inc.php3,593.0,593.0,0.0,1.0,1.0,0.0,3779.035927851331,0.0,0.0,0.0,0.0,0.0,0.0,no,no
lang/danish-utf-8.inc.php3,594.0,594.0,0.0,1.0,1.0,0.0,3786.420278605651,0.0,0.0,0.0,0.0,0.0,0.0,no,no
lang/dutch-iso-8859-1.inc.php3,593.0,593.0,0.0,1.0,1.0,0.0,3779.035927851331,0.0,0.0,0.0,0.0,0.0,0.0,no,no
lang/dutch-utf-8.inc.php3,594.0,594.0,0.0,1.0,1.0,0.0,3786.420278605651,0.0,0.0,0.0,0.0,0.0,0.0,no,no
lang/english-iso-8859-1.inc.php3,593.0,593.0,0.0,1.0,1.0,0.0,3779.035927851331,0.0,0.0,0.0,0.0,0.0,0.0,no,no
lang/english-utf-8.inc.php3,594.0,594.0,0.0,1.0,1.0,0.0,3786.420278605651,0.0,0.0,0.0,0.0,0.0,0.0,no,no
lang/estonian-iso-8859-1.inc.php3,593.0,593.0,0.0,1.0,1.0,0.0,3779.035927851331,0.0,0.0,0.0,0.0,0.0,0.0,no,no
lang/estonian-utf-8.inc.php3,594.0,594.0,0.0,1.0,1.0,0.0,3786.420278605651,0.0,0.0,0.0,0.0,0.0,0.0,no,no
lang/farsi-utf-8.inc.php3,594.0,594.0,0.0,1.0,1.0,0.0,3786.420278605651,0.0,0.0,0.0,0.0,0.0,0.0,no,no
lang/farsi-windows-1256.inc.php3,593.0,593.0,0.0,1.0,1.0,0.0,3779.035927851331,0.0,0.0,0.0,0.0,0.0,0.0,no,no
lang/finnish-iso-8859-1.inc.php3,593.0,593.0,0.0,1.0,1.0,0.0,3779.035927851331,0.0,0.0,0.0,0.0,0.0,0.0,no,no
lang/finnish-utf-8.inc.php3,594.0,594.0,0.0,1.0,1.0,0.0,3786.420278605651,0.0,0.0,0.0,0.0,0.0,0.0,no,no
lang/french-iso-8859-1.inc.php3,593.0,593.0,0.0,1.0,1.0,0.0,3779.035927851331,0.0,0.0,0.0,0.0,0.0,0.0,no,no
lang/french-utf-8.inc.php3,594.0,594.0,0.0,1.0,1.0,0.0,3786.420278605651,0.0,0.0,0.0,0.0,0.0,0.0,no,no
lang/galician-iso-8859-1.inc.php3,593.0,593.0,0.0,1.0,1.0,0.0,3785.4194344862153,0.0,0.0,0.0,0.0,0.0,0.0,no,no
lang/galician-utf-8.inc.php3,594.0,594.0,0.0,1.0,1.0,0.0,3792.8054730046492,0.0,0.0,0.0,0.0,0.0,0.0,no,no
lang/georgian-utf-8.inc.php3,593.0,593.0,0.0,1.0,1.0,0.0,3779.035927851331,0.0,0.0,0.0,0.0,0.0,0.0,no,no
lang/german-iso-8859-1.inc.php3,593.0,593.0,0.0,1.0,1.0,0.0,3779.035927851331,0.0,0.0,0.0,0.0,0.0,0.0,no,no
lang/german-utf-8.inc.php3,594.0,594.0,0.0,1.0,1.0,0.0,3786.420278605651,0.0,0.0,0.0,0.0,0.0,0.0,no,no
lang/greek-iso-8859-7.inc.php3,593.0,593.0,0.0,1.0,1.0,0.0,3779.035927851331,0.0,0.0,0.0,0.0,0.0,0.0,no,no
lang/greek-utf-8.inc.php3,594.0,594.0,0.0,1.0,1.0,0.0,3786.420278605651,0.0,0.0,0.0,0.0,0.0,0.0,no,no
lang/hebrew-iso-8859-8-i.inc.php3,593.0,593.0,0.0,1.0,1.0,0.0,3779.035927851331,0.0,0.0,0.0,0.0,0.0,0.0,no,no
lang/hindi-utf-8.inc.php3,594.0,594.0,0.0,1.0,1.0,0.0,3786.420278605651,0.0,0.0,0.0,0.0,0.0,0.0,no,no
lang/hungarian-iso-8859-2.inc.php3,593.0,593.0,0.0,1.0,1.0,0.0,3779.035927851331,0.0,0.0,0.0,0.0,0.0,0.0,no,no
lang/hungarian-utf-8.inc.php3,594.0,594.0,0.0,1.0,1.0,0.0,3786.420278605651,0.0,0.0,0.0,0.0,0.0,0.0,no,no
lang/indonesian-iso-8859-1.inc.php3,593.0,593.0,0.0,1.0,1.0,0.0,3779.035927851331,0.0,0.0,0.0,0.0,0.0,0.0,no,no
lang/indonesian-utf-8.inc.php3,594.0,594.0,0.0,1.0,1.0,0.0,3786.420278605651,0.0,0.0,0.0,0.0,0.0,0.0,no,no
lang/italian-iso-8859-1.inc.php3,593.0,593.0,0.0,1.0,1.0,0.0,3779.035927851331,0.0,0.0,0.0,0.0,0.0,0.0,no,no
lang/italian-utf-8.inc.php3,594.0,594.0,0.0,1.0,1.0,0.0,3786.420278605651,0.0,0.0,0.0,0.0,0.0,0.0,no,no
lang/japanese-euc.inc.php3,596.0,596.0,0.0,1.0,1.0,0.0,3801.1940362996497,0.0,0.0,0.0,0.0,0.0,0.0,no,no
lang/japanese-sjis.inc.php3,596.0,596.0,0.0,1.0,1.0,0.0,3846.924881573341,0.0,0.0,0.0,0.0,0.0,0.0,no,no
lang/japanese-utf-8.inc.php3,597.0,597.0,0.0,1.0,1.0,0.0,3808.5834375709487,0.0,0.0,0.0,0.0,0.0,0.0,no,no
lang/korean-ks_c_5601-1987.inc.php3,593.0,593.0,0.0,1.0,1.0,0.0,3779.035927851331,0.0,0.0,0.0,0.0,0.0,0.0,no,no
lang/latvian-utf-8.inc.php3,594.0,594.0,0.0,1.0,1.0,0.0,3786.420278605651,0.0,0.0,0.0,0.0,0.0,0.0,no,no
lang/latvian-windows-1257.inc.php3,593.0,593.0,0.0,1.0,1.0,0.0,3779.035927851331,0.0,0.0,0.0,0.0,0.0,0.0,no,no
lang/lithuanian-utf-8.inc.php3,594.0,594.0,0.0,1.0,1.0,0.0,3786.420278605651,0.0,0.0,0.0,0.0,0.0,0.0,no,no
lang/lithuanian-windows-1257.inc.php3,593.0,593.0,0.0,1.0,1.0,0.0,3779.035927851331,0.0,0.0,0.0,0.0,0.0,0.0,no,no
lang/malay-iso-8859-1.inc.php3,593.0,593.0,0.0,1.0,1.0,0.0,3779.035927851331,0.0,0.0,0.0,0.0,0.0,0.0,no,no
lang/malay-utf-8.inc.php3,594.0,594.0,0.0,1.0,1.0,0.0,3786.420278605651,0.0,0.0,0.0,0.0,0.0,0.0,no,no
lang/norwegian-iso-8859-1.inc.php3,593.0,593.0,0.0,1.0,1.0,0.0,3779.035927851331,0.0,0.0,0.0,0.0,0.0,0.0,no,no
lang/norwegian-utf-8.inc.php3,594.0,594.0,0.0,1.0,1.0,0.0,3786.420278605651,0.0,0.0,0.0,0.0,0.0,0.0,no,no
lang/polish-iso-8859-2.inc.php3,593.0,593.0,0.0,1.0,1.0,0.0,3779.035927851331,0.0,0.0,0.0,0.0,0.0,0.0,no,no
lang/polish-utf-8.inc.php3,594.0,594.0,0.0,1.0,1.0,0.0,3786.420278605651,0.0,0.0,0.0,0.0,0.0,0.0,no,no
lang/portuguese-iso-8859-1.inc.php3,593.0,593.0,0.0,1.0,1.0,0.0,3779.035927851331,0.0,0.0,0.0,0.0,0.0,0.0,no,no
lang/portuguese-utf-8.inc.php3,594.0,594.0,0.0,1.0,1.0,0.0,3786.420278605651,0.0,0.0,0.0,0.0,0.0,0.0,no,no
lang/romanian-iso-8859-1.inc.php3,593.0,593.0,0.0,1.0,1.0,0.0,3779.035927851331,0.0,0.0,0.0,0.0,0.0,0.0,no,no
lang/romanian-utf-8.inc.php3,594.0,594.0,0.0,1.0,1.0,0.0,3786.420278605651,0.0,0.0,0.0,0.0,0.0,0.0,no,no
lang/russian-dos-866.inc.php3,593.0,593.0,0.0,1.0,1.0,0.0,3779.035927851331,0.0,0.0,0.0,0.0,0.0,0.0,no,no
lang/russian-koi8-r.inc.php3,593.0,593.0,0.0,1.0,1.0,0.0,3779.035927851331,0.0,0.0,0.0,0.0,0.0,0.0,no,no
lang/russian-utf-8.inc.php3,594.0,594.0,0.0,1.0,1.0,0.0,3786.420278605651,0.0,0.0,0.0,0.0,0.0,0.0,no,no
lang/russian-windows-1251.inc.php3,593.0,593.0,0.0,1.0,1.0,0.0,3779.035927851331,0.0,0.0,0.0,0.0,0.0,0.0,no,no
lang/serbian-utf-8.inc.php3,594.0,594.0,0.0,1.0,1.0,0.0,3786.420278605651,0.0,0.0,0.0,0.0,0.0,0.0,no,no
lang/serbian-windows-1250.inc.php3,593.0,593.0,0.0,1.0,1.0,0.0,3779.035927851331,0.0,0.0,0.0,0.0,0.0,0.0,no,no
lang/slovak-iso-8859-2.inc.php3,593.0,593.0,0.0,1.0,1.0,0.0,3779.035927851331,0.0,0.0,0.0,0.0,0.0,0.0,no,no
lang/slovak-utf-8.inc.php3,594.0,594.0,0.0,1.0,1.0,0.0,3786.420278605651,0.0,0.0,0.0,0.0,0.0,0.0,no,no
lang/slovak-windows-1250.inc.php3,593.0,593.0,0.0,1.0,1.0,0.0,3779.035927851331,0.0,0.0,0.0,0.0,0.0,0.0,no,no
lang/slovenian-iso-8859-2.inc.php3,593.0,593.0,0.0,1.0,1.0,0.0,3779.035927851331,0.0,0.0,0.0,0.0,0.0,0.0,no,no
lang/slovenian-utf-8.inc.php3,594.0,594.0,0.0,1.0,1.0,0.0,3786.420278605651,0.0,0.0,0.0,0.0,0.0,0.0,no,no
lang/slovenian-windows-1250.inc.php3,593.0,593.0,0.0,1.0,1.0,0.0,3779.035927851331,0.0,0.0,0.0,0.0,0.0,0.0,no,no
lang/spanish-iso-8859-1.inc.php3,593.0,593.0,0.0,1.0,1.0,0.0,3779.035927851331,0.0,0.0,0.0,0.0,0.0,0.0,no,no
lang/spanish-utf-8.inc.php3,594.0,594.0,0.0,1.0,1.0,0.0,3786.420278605651,0.0,0.0,0.0,0.0,0.0,0.0,no,no
lang/swedish-iso-8859-1.inc.php3,593.0,593.0,0.0,1.0,1.0,0.0,3779.035927851331,0.0,0.0,0.0,0.0,0.0,0.0,no,no
lang/swedish-utf-8.inc.php3,594.0,594.0,0.0,1.0,1.0,0.0,3786.420278605651,0.0,0.0,0.0,0.0,0.0,0.0,no,no
lang/thai-tis-620.inc.php3,593.0,593.0,0.0,1.0,1.0,0.0,3779.035927851331,0.0,0.0,0.0,0.0,0.0,0.0,no,no
lang/thai-utf-8.inc.php3,594.0,594.0,0.0,1.0,1.0,0.0,3786.420278605651,0.0,0.0,0.0,0.0,0.0,0.0,no,no
lang/turkish-iso-8859-9.inc.php3,593.0,593.0,0.0,1.0,1.0,0.0,3779.035927851331,0.0,0.0,0.0,0.0,0.0,0.0,no,no
lang/turkish-utf-8.inc.php3,594.0,594.0,0.0,1.0,1.0,0.0,3786.420278605651,0.0,0.0,0.0,0.0,0.0,0.0,no,no
lang/ukrainian-utf-8.inc.php3,594.0,594.0,0.0,1.0,1.0,0.0,3786.420278605651,0.0,0.0,0.0,0.0,0.0,0.0,no,no
lang/ukrainian-windows-1251.inc.php3,593.0,593.0,0.0,1.0,1.0,0.0,3779.035927851331,0.0,0.0,0.0,0.0,0.0,0.0,no,no
ldi_check.php3,55.0,55.0,0.0,19.0,19.0,5.0,583.773044716594,0.0,0.0,0.0,6.0,4.0,10.0,no,no
ldi_table.php3,49.0,56.0,0.0,6.0,6.0,3.0,567.9412174697279,0.0,0.0,0.0,4.0,3.0,4.0,no,no
left.php3,175.0,213.0,0.0,40.0,40.0,6.0,4251.5445289591635,0.0,0.0,0.0,16.0,6.0,33.0,no,no
libraries/auth/config.auth.lib.php3,35.0,37.0,4.0,4.0,4.0,3.0,206.9426182513239,6.0,3.0,0.0,2.0,2.0,3.0,no,no
libraries/auth/cookie.auth.lib.php3,174.0,193.0,5.0,40.0,40.0,6.0,2173.485210798245,5.0,2.0,1.0,5.0,5.0,6.0,yes,yes
libraries/auth/http.auth.lib.php3,113.0,115.0,4.0,35.0,35.0,12.0,1219.4283184359856,5.0,2.0,1.0,2.0,2.0,1.0,no,no
libraries/bookmark.lib.php3,64.0,64.0,5.0,11.0,11.0,3.0,696.0767127646328,8.0,7.0,1.0,7.0,2.0,34.0,no,no
libraries/build_dump.lib.php3,378.0,378.0,8.0,105.0,105.0,9.0,6827.235624545454,7.0,2.0,3.0,10.0,3.0,96.0,no,no
libraries/charset_conversion.lib.php3,174.0,174.0,4.0,46.0,46.0,8.0,1321.659977718899,6.0,5.0,1.0,0.0,0.0,0.0,no,no
libraries/common.lib.php3,798.0,814.0,22.0,197.0,197.0,13.0,11832.334868235132,207.0,68.0,6.0,27.0,8.0,54.0,yes,yes
libraries/config_import.lib.php3,619.0,619.0,0.0,199.0,199.0,5.0,4253.700628023654,0.0,0.0,0.0,0.0,0.0,0.0,no,no
libraries/db_config.lib.php3,55.0,55.0,1.0,8.0,8.0,4.0,297.8719505132692,0.0,0.0,1.0,0.0,0.0,0.0,no,no
libraries/dbg/profiling.php3,55.0,56.0,1.0,7.0,7.0,4.0,625.7412588221367,1.0,1.0,0.0,0.0,0.0,0.0,no,no
libraries/dbg/setup.php3,17.0,17.0,0.0,7.0,7.0,4.0,115.61487031584659,0.0,0.0,0.0,0.0,0.0,0.0,no,no
libraries/db_table_exists.lib.php3,18.0,18.0,0.0,10.0,10.0,3.0,244.19235381530697,0.0,0.0,0.0,4.0,3.0,5.0,no,no
libraries/defines.lib.php3,57.0,57.0,0.0,23.0,23.0,6.0,433.1865863227765,0.0,0.0,0.0,3.0,1.0,4.0,no,no
libraries/defines_php.lib.php3,34.0,34.0,0.0,14.0,14.0,3.0,228.3391828292567,0.0,0.0,0.0,1.0,1.0,1.0,no,no
libraries/display_export.lib.php3,84.0,124.0,0.0,27.0,27.0,3.0,1454.0664804654589,0.0,0.0,0.0,5.0,4.0,6.0,yes,yes
libraries/display_tbl.lib.php3,785.0,830.0,6.0,176.0,176.0,10.0,16696.479418152663,1.0,1.0,5.0,20.0,5.0,67.0,no,no
libraries/get_foreign.lib.php3,15.0,15.0,0.0,3.0,3.0,2.0,164.7652750454695,0.0,0.0,0.0,4.0,3.0,9.0,no,no
libraries/grab_globals.lib.php3,45.0,45.0,1.0,21.0,21.0,4.0,415.68819686090876,0.0,0.0,1.0,0.0,0.0,0.0,no,no
libraries/header_http.inc.php3,11.0,11.0,0.0,3.0,3.0,2.0,59.32506358807793,0.0,0.0,0.0,0.0,0.0,0.0,no,no
libraries/header_meta_style.inc.php3,12.0,14.0,0.0,3.0,3.0,1.0,76.93933704215392,0.0,0.0,0.0,1.0,1.0,1.0,no,no
libraries/ip_allow_deny.lib.php3,180.0,180.0,4.0,77.0,77.0,8.0,2078.068752045107,1.0,1.0,3.0,0.0,0.0,0.0,yes,yes
libraries/kanji-encoding.lib.php3,59.0,59.0,5.0,9.0,9.0,2.0,483.59013728911333,8.0,7.0,3.0,0.0,0.0,0.0,no,no
libraries/mysql_wrappers.lib.php3,83.0,83.0,14.0,22.0,22.0,6.0,1003.053222858288,160.0,55.0,1.0,2.0,1.0,31.0,no,no
libraries/ob.lib.php3,46.0,46.0,3.0,11.0,11.0,4.0,129.55531508332336,14.0,6.0,0.0,0.0,0.0,0.0,no,no
libraries/read_dump.lib.php3,105.0,105.0,2.0,25.0,25.0,8.0,1075.4516372439903,3.0,2.0,1.0,0.0,0.0,0.0,no,no
libraries/relation.lib.php3,290.0,290.0,10.0,47.0,47.0,9.0,3797.5376953012396,69.0,32.0,1.0,6.0,2.0,74.0,no,no
libraries/select_lang.lib.php3,163.0,163.0,1.0,28.0,28.0,8.0,863.984106180559,0.0,0.0,1.0,0.0,0.0,0.0,yes,yes
libraries/sqlparser.data.php3,473.0,473.0,0.0,2.0,2.0,1.0,26.376848000782076,0.0,0.0,0.0,0.0,0.0,0.0,no,no
libraries/sqlparser.lib.php3,921.0,921.0,16.0,170.0,170.0,9.0,9576.094952469997,15.0,6.0,6.0,7.0,1.0,26.0,yes,yes
libraries/sqlvalidator.class.php3,123.0,123.0,19.0,5.0,5.0,3.0,1138.7120603760072,5.0,1.0,6.0,0.0,0.0,0.0,no,no
libraries/sqlvalidator.lib.php3,21.0,21.0,1.0,6.0,6.0,4.0,107.84636184794367,1.0,1.0,0.0,5.0,1.0,5.0,no,no
libraries/string.lib.php3,108.0,108.0,13.0,9.0,9.0,4.0,1024.653774112537,7.0,1.0,6.0,0.0,0.0,0.0,no,no
libraries/transformations/global.inc.php3,17.0,17.0,3.0,4.0,4.0,2.0,89.72794920691878,5.0,5.0,0.0,0.0,0.0,0.0,no,no
libraries/transformations/image_jpeg__inline.inc.php3,11.0,11.0,1.0,3.0,3.0,2.0,79.13054400234623,0.0,0.0,0.0,1.0,1.0,1.0,no,no
libraries/transformations/image_jpeg__link.inc.php3,9.0,9.0,1.0,2.0,2.0,1.0,36.841361487904734,0.0,0.0,0.0,1.0,1.0,1.0,no,no
libraries/transformations/image_png__inline.inc.php3,11.0,11.0,1.0,3.0,3.0,2.0,79.13054400234623,0.0,0.0,0.0,1.0,1.0,1.0,no,no
libraries/transformations.lib.php3,89.0,89.0,4.0,16.0,16.0,6.0,1184.6140214755233,13.0,11.0,0.0,4.0,3.0,31.0,no,no
libraries/transformations/overview.php3,33.0,38.0,0.0,6.0,6.0,2.0,311.9162312519754,0.0,0.0,0.0,2.0,2.0,2.0,no,no
libraries/transformations/text_plain__dateformat.inc.php3,25.0,25.0,1.0,7.0,7.0,3.0,219.46401418844044,0.0,0.0,0.0,1.0,1.0,1.0,no,no
libraries/transformations/text_plain__external.inc.php3,35.0,35.0,3.0,9.0,9.0,3.0,305.0931677134028,0.0,0.0,1.0,0.0,0.0,0.0,yes,yes
libraries/transformations/text_plain__formatted.inc.php3,6.0,6.0,1.0,2.0,2.0,1.0,12.542316284596385,0.0,0.0,0.0,0.0,0.0,0.0,no,no
libraries/transformations/text_plain__imagelink.inc.php3,9.0,9.0,1.0,2.0,2.0,1.0,95.91581091193483,0.0,0.0,0.0,1.0,1.0,1.0,no,no
libraries/transformations/text_plain__link.inc.php3,9.0,9.0,1.0,2.0,2.0,1.0,74.3347534567495,0.0,0.0,0.0,1.0,1.0,1.0,no,no
libraries/transformations/text_plain__substr.inc.php3,23.0,23.0,1.0,9.0,9.0,3.0,175.6592273314854,0.0,0.0,0.0,0.0,0.0,0.0,no,no
libraries/url_generating.lib.php3,32.0,32.0,2.0,9.0,9.0,2.0,349.58592133827403,65.0,50.0,0.0,0.0,0.0,0.0,no,no
libraries/zip.lib.php3,81.0,81.0,3.0,2.0,2.0,1.0,783.563706074609,2.0,1.0,1.0,0.0,0.0,0.0,no,no
main.php3,220.0,272.0,1.0,58.0,58.0,9.0,3623.039026559087,0.0,0.0,0.0,11.0,3.0,26.0,no,no
mult_submits.inc.php3,161.0,165.0,0.0,24.0,24.0,5.0,1451.4554051526036,0.0,0.0,0.0,5.0,3.0,23.0,no,no
pdf_pages.php3,257.0,270.0,0.0,44.0,44.0,8.0,3855.083788431072,0.0,0.0,0.0,10.0,4.0,56.0,no,no
pdf_schema.php3,775.0,776.0,38.0,113.0,113.0,5.0,15379.961313468215,6.0,1.0,31.0,54.0,6.0,202.0,yes,no
phpinfo.php3,6.0,6.0,0.0,2.0,2.0,1.0,17.51319134149782,0.0,0.0,0.0,1.0,1.0,1.0,no,no
queryframe.php3,37.0,41.0,0.0,10.0,10.0,2.0,432.68238776512845,0.0,0.0,0.0,5.0,3.0,5.0,no,no
querywindow.php3,104.0,119.0,0.0,30.0,30.0,5.0,2212.92345051031,0.0,0.0,0.0,10.0,4.0,13.0,no,no
read_dump.php3,138.0,138.0,0.0,46.0,46.0,6.0,1680.3805730005995,0.0,0.0,0.0,14.0,7.0,23.0,yes,yes
scripts/check_lang.php3,32.0,32.0,0.0,10.0,10.0,3.0,299.74488149797634,0.0,0.0,0.0,0.0,0.0,0.0,no,no
scripts/decode_bug.php3,21.0,23.0,1.0,7.0,7.0,3.0,181.8586645238907,0.0,0.0,1.0,0.0,0.0,0.0,no,no
server_common.inc.php3,15.0,15.0,0.0,6.0,6.0,1.0,70.40930522865746,0.0,0.0,0.0,2.0,2.0,3.0,no,no
server_databases.php3,263.0,263.0,1.0,27.0,27.0,3.0,4043.8426797412803,0.0,0.0,0.0,9.0,3.0,20.0,yes,no
server_links.inc.php3,17.0,19.0,0.0,7.0,7.0,1.0,107.66210707413622,0.0,0.0,0.0,2.0,1.0,6.0,no,no
server_privileges.php3,1105.0,1110.0,3.0,195.0,195.0,7.0,27007.984231979524,0.0,0.0,3.0,8.0,3.0,154.0,yes,no
server_processlist.php3,41.0,45.0,0.0,5.0,5.0,2.0,780.3658104029155,0.0,0.0,0.0,6.0,3.0,7.0,no,no
server_status.php3,123.0,133.0,0.0,13.0,13.0,3.0,2451.3817546624805,0.0,0.0,0.0,7.0,2.0,20.0,no,no
server_variables.php3,42.0,49.0,0.0,9.0,9.0,2.0,469.0059497739495,0.0,0.0,0.0,4.0,2.0,12.0,no,no
sql.php3,444.0,456.0,0.0,110.0,110.0,8.0,6961.06817041208,0.0,0.0,0.0,19.0,7.0,94.0,yes,yes
tbl_addfield.php3,129.0,130.0,0.0,44.0,44.0,5.0,2025.8489729595844,0.0,0.0,0.0,9.0,5.0,31.0,no,no
tbl_alter.php3,109.0,109.0,0.0,29.0,29.0,6.0,1812.2040707269152,0.0,0.0,0.0,11.0,5.0,39.0,no,no
tbl_change.php3,340.0,410.0,0.0,74.0,74.0,11.0,7304.722277310486,0.0,0.0,0.0,11.0,4.0,23.0,no,no
tbl_create.php3,133.0,134.0,0.0,40.0,40.0,4.0,2060.2840937070523,0.0,0.0,0.0,10.0,5.0,21.0,no,no
tbl_dump.php3,235.0,236.0,2.0,56.0,56.0,6.0,4052.6100185128907,0.0,0.0,0.0,16.0,8.0,25.0,no,no
tbl_indexes.php3,274.0,294.0,0.0,70.0,70.0,7.0,4533.933510577071,0.0,0.0,0.0,10.0,3.0,36.0,no,no
tbl_move_copy.php3,206.0,206.0,2.0,34.0,34.0,5.0,3092.7375868016056,0.0,0.0,1.0,16.0,6.0,89.0,no,no
tbl_printview.php3,285.0,340.0,0.0,68.0,68.0,6.0,4646.00112889062,0.0,0.0,0.0,14.0,5.0,34.0,yes,no
tbl_properties_common.php3,16.0,16.0,0.0,5.0,5.0,1.0,101.99568038602378,0.0,0.0,0.0,2.0,2.0,4.0,no,no
tbl_properties_export.php3,23.0,24.0,0.0,7.0,7.0,2.0,149.7197910009482,0.0,0.0,0.0,3.0,2.0,3.0,no,no
tbl_properties.inc.php3,303.0,337.0,0.0,83.0,83.0,7.0,6430.938409651345,0.0,0.0,0.0,9.0,5.0,10.0,no,no
tbl_properties_links.php3,43.0,49.0,0.0,5.0,5.0,1.0,549.7105435489206,0.0,0.0,0.0,5.0,2.0,17.0,no,no
tbl_properties_operations.php3,112.0,148.0,0.0,22.0,22.0,4.0,2144.49118748015,0.0,0.0,0.0,12.0,4.0,43.0,no,no
tbl_properties_options.php3,82.0,87.0,0.0,22.0,22.0,6.0,986.2111642301116,0.0,0.0,0.0,8.0,3.0,18.0,no,no
tbl_properties.php3,8.0,11.0,0.0,1.0,1.0,0.0,21.50111363073666,0.0,0.0,0.0,0.0,0.0,0.0,no,no
tbl_properties_structure.php3,260.0,340.0,0.0,54.0,54.0,5.0,6068.670179753996,0.0,0.0,0.0,14.0,5.0,42.0,no,no
tbl_properties_table_info.php3,27.0,29.0,0.0,5.0,5.0,3.0,299.7406445923737,0.0,0.0,0.0,6.0,2.0,8.0,no,no
tbl_query_box.php3,143.0,166.0,0.0,42.0,42.0,5.0,3758.7319098543257,0.0,0.0,0.0,9.0,5.0,12.0,no,no
tbl_relation.php3,148.0,169.0,0.0,41.0,41.0,7.0,2451.1950706020634,0.0,0.0,0.0,12.0,4.0,57.0,no,no
tbl_rename.php3,61.0,61.0,0.0,8.0,8.0,2.0,734.1327889801427,0.0,0.0,0.0,10.0,4.0,35.0,no,no
tbl_replace_fields.php3,86.0,86.0,0.0,26.0,26.0,6.0,777.2142034872863,0.0,0.0,0.0,2.0,1.0,6.0,no,no
tbl_replace.php3,113.0,113.0,0.0,25.0,25.0,6.0,1595.1964623929887,0.0,0.0,0.0,8.0,3.0,18.0,no,no
tbl_select.php3,115.0,130.0,0.0,25.0,25.0,6.0,2061.9355911343623,0.0,0.0,0.0,9.0,4.0,17.0,no,no
transformation_wrapper.php3,56.0,56.0,0.0,14.0,14.0,3.0,723.6456565045828,0.0,0.0,0.0,7.0,4.0,13.0,no,no
user_password.php3,52.0,55.0,0.0,10.0,10.0,3.0,588.4225536579994,0.0,0.0,0.0,6.0,3.0,7.0,no,no
